elapsed time sensors,current,voltage,acc x (IMU),acc y (IMU),W (IMU),vel encoder,safety_value,throttle,steering
0.0,0.0,0.0,-0.270000010728836,0.0099999997764825,-0.0010908305412158,0.0,0.0,0.0,-0.0
0.10162353515625,0.0,0.0,-0.3799999952316284,-0.0099999997764825,0.0,0.0,0.0,0.0,-0.0
0.1988525390625,0.0,0.0,-0.4399999976158142,-0.0399999991059303,-0.0021816610824316,0.0,0.0,0.0,-0.0
0.29998779296869316,0.0,0.0,-0.4399999976158142,-0.0599999986588954,0.0,0.0,0.0,0.0,-0.0
0.40069580078125,0.0,0.0,-0.3499999940395355,-0.0299999993294477,0.0,0.0,0.0,0.0,-0.0
0.50146484375,0.0,0.0,-0.449999988079071,-0.0599999986588954,0.0,0.0,0.0,0.0,-0.0
0.6007080078125,0.0,0.0,-0.4099999964237213,-0.0399999991059303,-0.0010908305412158,0.0,0.0,0.0,-0.0
0.70318603515625,0.0,0.0,-0.3300000131130218,-0.0099999997764825,-0.0010908305412158,0.0,0.0,0.0,-0.0
0.80157470703125,0.0,0.0,-0.2399999946355819,0.0199999995529651,0.0,0.0,0.0,0.0,-0.0
0.905059814453125,0.0,0.0,-0.2199999988079071,0.0399999991059303,0.0021816610824316,0.0,0.0,0.0,-0.0
0.9986572265625,0.0,0.0,-0.3499999940395355,-0.0399999991059303,0.0,0.0,0.0,0.0,-0.0
1.09893798828125,0.0,0.0,-0.2800000011920929,0.0,-0.0032724919728934,0.0,1.0,-0.0,-0.0
1.203460693359375,0.0,0.0,-0.4300000071525574,-0.050000000745058,0.0010908305412158,0.0,1.0,-0.0,-0.0
1.29833984375,0.0,0.0,-0.3300000131130218,-0.0299999993294477,0.0010908305412158,0.0,1.0,-0.0,-0.0
1.40081787109375,0.0,0.0,-0.4300000071525574,-0.0700000002980232,-0.0032724919728934,0.0,1.0,-0.0,-0.0
1.5006713867186932,0.0,0.0,-0.4300000071525574,-0.0599999986588954,-0.0010908305412158,0.0,1.0,-0.0,-0.0
1.60260009765625,0.0,0.0,-0.3199999928474426,-0.0399999991059303,-0.0010908305412158,0.0,1.0,0.25,-0.0
1.70068359375,0.0,0.0,-0.209999993443489,0.2199999988079071,-0.0010908305412158,0.041270799934864,1.0,0.25,-0.0
1.800811767578125,0.0,0.0,-1.2699999809265137,0.25,-0.0054541528224945,0.082541599869728,1.0,0.25,-0.0
1.899627685546875,0.0,0.0,0.7699999809265137,0.6600000262260437,0.0098174754530191,0.1650831997394561,1.0,0.25,-0.0
1.99713134765625,0.0,0.0,-0.1800000071525573,-0.4099999964237213,-0.0316340886056423,0.2476247996091842,1.0,0.25,-0.0
2.0992431640625,0.0,0.0,-0.8299999833106995,0.4399999976158142,-0.0305432565510272,0.2888956069946289,1.0,0.25,-0.0
2.197662353515625,0.0,0.0,1.940000057220459,-0.4399999976158142,-0.0523598715662956,0.4127079844474792,1.0,0.25,-0.0
2.299163818359375,0.0,0.0,-1.940000057220459,0.0,-0.0556323565542697,0.3714371919631958,1.0,0.25,-0.0
2.395294189453125,0.0,0.0,0.8899999856948853,0.2599999904632568,0.0196349509060382,0.4539788067340851,1.0,0.25,-0.0
2.495391845703125,0.0,0.0,0.7599999904632568,0.3600000143051147,-0.0130899678915739,0.5365204215049744,1.0,0.25,-0.0
2.595123291015625,0.0,0.0,0.0900000035762786,-0.050000000745058,-0.032724916934967,0.5365204215049744,1.0,0.25,-0.0
2.69482421875,0.0,0.0,-3.150000095367432,-0.3199999928474426,-0.0894481092691421,0.5777912139892578,1.0,0.25,-0.0
2.797943115234375,0.0,0.0,-0.5199999809265137,-1.5399999618530271,-0.0687223225831985,0.6603327989578247,1.0,0.25,-0.0
2.8968505859375,0.0,0.0,-1.2400000095367432,-0.0900000035762786,0.0403607301414012,0.6603327989578247,1.0,0.25,-0.0
2.996429443359375,0.0,0.0,-0.5,1.2799999713897705,-0.0938114300370216,0.7016035914421082,1.0,0.25,-0.0
3.09661865234375,0.0,0.0,-1.1699999570846558,0.7099999785423279,0.0021816610824316,0.7016035914421082,1.0,0.25,-0.0
3.196990966796875,0.0,0.0,1.0099999904632568,0.3400000035762787,-0.0414515621960163,0.7016035914421082,1.0,0.25,-0.0
3.297454833984375,0.0,0.0,1.600000023841858,-0.1700000017881393,0.0272707659751176,0.7016035914421082,1.0,0.25,-0.0
3.398468017578125,0.0,0.0,2.0299999713897705,-0.8700000047683716,-0.0239982716739177,0.784145176410675,1.0,0.25,-0.0
3.49847412109375,0.0,0.0,-1.6399999856948853,1.9900000095367432,0.033815748989582,0.7428743839263916,1.0,0.25,-0.0
3.595550537109375,0.0,0.0,-0.949999988079071,2.799999952316284,-0.1069013923406601,0.784145176410675,1.0,0.25,0.0649505630135536
3.69622802734375,0.0,0.0,-2.4600000381469727,1.350000023841858,0.0589048527181148,0.784145176410675,1.0,0.25,0.071136474609375
3.793060302734375,0.0,0.0,-1.1299999952316284,0.2599999904632568,-0.0589048527181148,0.784145176410675,1.0,0.25,0.1000000014901161
3.8936767578125,0.0,0.0,0.8299999833106995,1.0700000524520874,0.1254455149173736,0.784145176410675,1.0,0.25,0.1000000014901161
3.99298095703125,0.0,0.0,-0.2800000011920929,-1.2200000286102295,0.0043633221648633,0.784145176410675,1.0,0.25,0.1000000014901161
4.093444824218693,0.0,0.0,-2.0999999046325684,0.5,0.086175613105297,0.784145176410675,1.0,0.25,0.1000000014901161
4.1959228515625,0.0,0.0,0.1500000059604644,0.7200000286102295,0.1428987979888916,0.784145176410675,1.0,0.25,0.0701049789786338
4.295806884765625,0.0,0.0,-1.830000042915344,-1.5,0.044724054634571,0.8254159688949585,1.0,0.25,-0.0
4.396331787109375,0.0,0.0,-0.7599999904632568,-0.959999978542328,0.1472621262073516,0.7428743839263916,1.0,0.25,-0.0
4.496673583984375,0.0,0.0,-1.0199999809265137,-2.150000095367432,0.0076358141377568,0.784145176410675,1.0,0.25,-0.0
4.596527099609375,0.0,0.0,0.8999999761581421,-1.350000023841858,0.1265363544225692,0.784145176410675,1.0,0.25,-0.0
4.694366455078125,0.0,0.0,-1.0099999904632568,0.7599999904632568,0.0599956810474395,0.784145176410675,1.0,0.25,-0.0
4.797332763671875,0.0,0.0,0.8999999761581421,1.2400000095367432,0.1963495016098022,0.784145176410675,1.0,0.25,-0.0
4.8958740234375,0.0,0.0,0.9800000190734864,1.649999976158142,0.105810560286045,0.7428743839263916,1.0,0.25,-0.0
4.996002197265625,0.0,0.0,-0.1199999973177909,-1.0199999809265137,0.0174532886594533,0.784145176410675,1.0,0.25,-0.0
5.096374511718693,0.0,0.0,-0.3300000131130218,3.4100000858306885,-0.021816611289978,0.784145176410675,1.0,0.25,-0.0
5.19219970703125,0.0,0.0,1.690000057220459,-2.8299999237060547,-0.0054541528224945,0.784145176410675,1.0,0.25,-0.0
5.296417236328125,0.0,0.0,1.149999976158142,2.0899999141693115,-0.1428987979888916,0.784145176410675,1.0,0.25,-0.0
5.391937255859375,0.0,0.0,-0.5799999833106995,1.0,0.0469057150185108,0.784145176410675,1.0,0.25,-0.0
5.492767333984375,0.0,0.0,-0.9900000095367432,-1.309999942779541,-0.0981747508049011,0.784145176410675,1.0,0.25,-0.0
5.5947265625,0.0,0.0,-0.8700000047683716,0.8399999737739563,0.0370882414281368,0.8254159688949585,1.0,0.25,-0.0
5.69244384765625,0.0,0.0,-2.259999990463257,0.0299999993294477,0.0599956810474395,0.7428743839263916,1.0,0.25,-0.0
5.79522705078125,0.0,0.0,-0.449999988079071,-0.1000000014901161,-0.043633222579956,0.8254159688949585,1.0,0.25,-0.0
5.8934326171875,0.0,0.0,0.5699999928474426,-1.2799999713897705,0.2028944790363311,0.7428743839263916,1.0,-0.0,-0.0
5.99603271484375,0.0,0.0,-2.4100000858306885,-2.0,-0.0687223225831985,0.6603327989578247,1.0,-0.0,-0.0
6.092254638671875,0.0,0.0,-1.0800000429153442,-1.870000004768372,0.0850847885012626,0.6190620064735413,1.0,-0.0,-0.0
6.19317626953125,0.0,0.0,-1.340000033378601,0.4000000059604645,0.0119991358369588,0.4952495992183685,1.0,-0.0,-0.0
6.290863037109375,0.0,0.0,-0.5899999737739563,-0.0700000002980232,-0.0174532886594533,0.3714371919631958,1.0,-0.0,-0.0
6.391510009765625,0.0,0.0,-0.7200000286102295,-0.5299999713897705,-0.0152716282755136,0.3301663994789123,1.0,-0.0,-0.0
6.491851806640625,0.0,0.0,-1.409999966621399,0.3300000131130218,-0.0021816610824316,0.2063539922237396,1.0,-0.0,-0.0
6.58837890625,0.0,0.0,-1.950000047683716,-0.0599999986588954,0.010908305644989,0.1238123998045921,1.0,-0.0,-0.0
6.68878173828125,0.0,0.0,0.6600000262260437,0.3300000131130218,-0.021816611289978,0.041270799934864,1.0,-0.0,-0.0
6.78759765625,0.0,0.0,-0.4000000059604645,0.0399999991059303,-0.0021816610824316,0.0,1.0,-0.0,-0.0
6.888366699218693,0.0,0.0,-0.5299999713897705,0.0,0.0010908305412158,0.0,1.0,-0.0,-0.0
6.9896240234375,0.0,0.0,-0.4399999976158142,0.0399999991059303,-0.0021816610824316,0.0,0.0,0.0,-0.0
7.09075927734375,0.0,0.0,-0.4799999892711639,0.0,-0.0010908305412158,0.0,0.0,0.0,-0.0
7.191101074218693,0.0,0.0,-0.4699999988079071,0.0299999993294477,-0.0010908305412158,0.0,0.0,0.0,-0.0
7.2884521484375,0.0,0.0,-0.4000000059604645,0.0299999993294477,-0.0010908305412158,0.0,0.0,0.0,-0.0
7.3896484375,0.0,0.0,-0.3000000119209289,0.0599999986588954,0.0,0.0,0.0,0.0,-0.0
7.4906005859375,0.0,0.0,-0.2399999946355819,0.1099999994039535,0.0,0.0,0.0,0.0,-0.0
7.589599609375,0.0,0.0,-0.3499999940395355,0.0599999986588954,0.0,0.0,0.0,0.0,-0.0
7.68902587890625,0.0,0.0,-0.25,0.1000000014901161,0.0010908305412158,0.0,0.0,0.0,-0.0
7.78887939453125,0.0,0.0,-0.4399999976158142,0.0099999997764825,-0.0010908305412158,0.0,0.0,0.0,-0.0
7.88751220703125,0.0,0.0,-0.3600000143051147,0.0700000002980232,-0.0010908305412158,0.0,0.0,0.0,-0.0
7.9873046875,0.0,0.0,-0.4900000095367431,0.0099999997764825,0.0021816610824316,0.0,0.0,0.0,-0.0
8.08941650390625,0.0,0.0,-0.4300000071525574,0.0399999991059303,-0.0032724919728934,0.0,0.0,0.0,-0.0
8.18731689453125,0.0,0.0,-0.3600000143051147,0.050000000745058,0.0021816610824316,0.0,0.0,0.0,-0.0
8.288360595703125,0.0,0.0,-0.2599999904632568,0.1099999994039535,0.0,0.0,0.0,0.0,-0.0
8.389373779296875,0.0,0.0,-0.2199999988079071,0.1299999952316284,-0.0010908305412158,0.0,0.0,0.0,-0.0
8.492279052734375,0.0,0.0,-0.3100000023841858,0.0799999982118606,0.0010908305412158,0.0,0.0,0.0,-0.0
8.589447021484375,0.0,0.0,-0.2300000041723251,0.1000000014901161,0.0021816610824316,0.0,0.0,0.0,-0.0
8.690460205078125,0.0,0.0,-0.2399999946355819,0.1500000059604644,-0.0021816610824316,0.0,0.0,0.0,-0.0
8.79035055226293,0.0,0.0,-0.4600000083446502,0.0099999997764825,0.0032724919728934,0.0,0.0,0.0,-0.0
8.887884731950487,0.0,0.0,-0.3600000143051147,0.050000000745058,0.0021816610824316,0.0,0.0,0.0,-0.0
8.992590542497362,0.0,0.0,-0.270000010728836,0.1099999994039535,0.0,0.0,0.0,0.0,-0.0
9.091925259294237,0.0,0.0,-0.4199999868869781,0.0299999993294477,0.0,0.0,0.0,0.0,-0.0
9.187292690934862,0.0,0.0,-0.3499999940395355,0.0900000035762786,0.0021816610824316,0.0,0.0,0.0,-0.0
9.287054653825487,0.0,0.0,-0.2599999904632568,0.1000000014901161,0.0010908305412158,0.0,0.0,0.0,-0.0
9.388311978044237,0.0,0.0,-0.2199999988079071,0.1099999994039535,-0.0010908305412158,0.0,0.0,0.0,-0.0
9.486731167497362,0.0,0.0,-0.25,0.1199999973177909,0.0010908305412158,0.0,0.0,0.0,-0.0
9.587195034684862,0.0,0.0,-0.25,0.1199999973177909,0.0,0.0,0.0,0.0,-0.0
9.688727017106737,0.0,0.0,-0.2399999946355819,0.1299999952316284,-0.0032724919728934,0.0,0.0,0.0,-0.0
9.786810513200487,0.0,0.0,-0.3199999928474426,0.0900000035762786,-0.0021816610824316,0.0,0.0,0.0,-0.0
9.886969204606737,0.0,0.0,-0.4099999964237213,0.0599999986588954,-0.0032724919728934,0.0,0.0,0.0,-0.0
9.987188931169237,0.0,0.0,-0.4799999892711639,0.0199999995529651,-0.0010908305412158,0.0,0.0,0.0,-0.0
10.088232632341112,0.0,0.0,-0.3300000131130218,0.1000000014901161,0.0021816610824316,0.0,1.0,-0.0,-0.0
10.188421841325487,0.0,0.0,-0.4199999868869781,0.0700000002980232,0.0021816610824316,0.0,1.0,-0.0,-0.0
10.287329312028612,0.0,0.0,-0.4900000095367431,0.0299999993294477,0.0032724919728934,0.0,1.0,-0.0,-0.0
10.386175747575487,0.0,0.0,-0.4799999892711639,0.0,-0.0032724919728934,0.0,1.0,-0.0,-0.0
10.486395474137987,0.0,0.0,-0.4300000071525574,0.0199999995529651,0.0,0.0,1.0,-0.0,-0.0
10.586310024919237,0.0,0.0,-0.4799999892711639,0.0299999993294477,0.0010908305412158,0.0,1.0,0.2599999904632568,-0.0
10.686956997575487,0.0,0.0,-0.3700000047683716,0.0599999986588954,0.0021816610824316,0.041270799934864,1.0,0.2599999904632568,-0.0
10.786535854997362,0.0,0.0,-0.9200000166893004,0.4900000095367431,0.0076358141377568,0.1238123998045921,1.0,0.2599999904632568,-0.0
10.886511440934862,0.0,0.0,-0.0599999986588954,0.1000000014901161,0.0250891037285327,0.2063539922237396,1.0,0.2599999904632568,-0.0
10.988257046403612,0.0,0.0,0.1000000014901161,1.5700000524520874,-0.0119991358369588,0.2476247996091842,1.0,0.2599999904632568,-0.0
11.088324185075487,0.0,0.0,-0.6399999856948853,0.7599999904632568,0.0490873754024505,0.3301663994789123,1.0,0.2599999904632568,-0.0
11.189612026872362,0.0,0.0,0.2899999916553497,0.2899999916553497,0.0916297659277916,0.4127079844474792,1.0,0.2599999904632568,-0.0
11.287634487809862,0.0,0.0,-2.319999933242798,-0.3000000119209289,0.0469057150185108,0.4539788067340851,1.0,0.2599999904632568,-0.0
11.386358853044237,0.0,0.0,-1.0299999713897705,-0.1000000014901161,0.0785398036241531,0.5365204215049744,1.0,0.2599999904632568,-0.0
11.488806362809862,0.0,0.0,-0.1500000059604644,-1.2300000190734863,0.0829031243920326,0.5365204215049744,1.0,0.2599999904632568,-0.0
11.586401577653612,0.0,0.0,1.2000000476837158,-0.8399999737739563,-0.044724054634571,0.6190620064735413,1.0,0.2599999904632568,-0.0
11.685644741716112,0.0,0.0,1.5099999904632568,0.6299999952316284,-0.0905389338731765,0.6190620064735413,1.0,0.2599999904632568,-0.0
11.785193081559862,0.0,0.0,0.270000010728836,-1.399999976158142,0.021816611289978,0.6603327989578247,1.0,0.2599999904632568,-0.0
11.884955044450487,0.0,0.0,-1.4199999570846558,1.4299999475479126,-0.146171286702156,0.7016035914421082,1.0,0.2599999904632568,-0.0
11.983740444841112,0.0,0.0,-0.7200000286102295,-0.6700000166893005,-0.0512690357863903,0.7428743839263916,1.0,0.2599999904632568,-0.0
12.08380758351293,0.0,0.0,-1.870000004768372,0.7699999809265137,0.0578140206634998,0.7428743839263916,1.0,0.2599999904632568,-0.0
12.182745571794237,0.0,0.0,2.5999999046325684,-3.630000114440918,-0.0567231923341751,0.7428743839263916,1.0,0.2599999904632568,-0.0
12.282477017106737,0.0,0.0,0.5699999928474426,-0.9800000190734864,-0.1047197431325912,0.784145176410675,1.0,0.2599999904632568,-0.0
12.38263570851293,0.0,0.0,1.0800000429153442,-1.0800000429153442,-0.043633222579956,0.784145176410675,1.0,0.2599999904632568,-0.0
12.483343716325487,0.0,0.0,-0.1899999976158142,-0.3799999952316284,-0.1778053790330886,0.8254159688949585,1.0,0.2599999904632568,-0.0
12.58380758351293,0.0,0.0,-1.4199999570846558,0.9700000286102296,0.0403607301414012,0.784145176410675,1.0,0.2599999904632568,-0.0
12.682318325700487,0.0,0.0,0.9100000262260436,-3.150000095367432,0.0185441207140684,0.8666868209838867,1.0,0.2599999904632568,-0.0
12.782721157731737,0.0,0.0,-0.8999999761581421,-1.940000057220459,-0.0774489715695381,0.8254159688949585,1.0,0.2599999904632568,-0.0
12.884222622575487,0.0,0.0,-0.7200000286102295,0.5899999737739563,0.1723512262105941,0.8666868209838867,1.0,0.2599999904632568,0.022680664435029
12.985388394059862,0.0,0.0,-1.659999966621399,-0.6100000143051147,-0.032724916934967,0.8666868209838867,1.0,0.2599999904632568,0.0247436519712209
13.08527242726293,0.0,0.0,-1.6699999570846558,1.7400000095367432,-0.043633222579956,0.9079576134681702,1.0,0.2599999904632568,0.0195892341434955
13.183508511247362,0.0,0.0,0.2300000041723251,-2.1700000762939453,-0.1090830639004707,0.8666868209838867,1.0,0.2599999904632568,0.0206207279115915
13.284186001481737,0.0,0.0,0.8199999928474426,-0.5,-0.033815748989582,0.9079576134681702,1.0,0.2599999904632568,0.0206207279115915
13.380652065934862,0.0,0.0,-1.600000023841858,4.829999923706055,0.1668970882892608,0.9079576134681702,1.0,0.2599999904632568,0.0206207279115915
13.481024380387987,0.0,0.0,2.759999990463257,1.0700000524520874,-0.0261799357831478,0.9079576134681702,1.0,0.2599999904632568,0.0206207279115915
13.580603237809862,0.0,0.0,-1.1699999570846558,-0.2599999904632568,-0.0479965433478355,0.9079576134681702,1.0,0.2599999904632568,-0.0
13.680945034684862,0.0,0.0,2.569999933242798,1.3899999856948853,0.0883572697639465,0.9492284059524536,1.0,0.2599999904632568,-0.0
13.783056851091112,0.0,0.0,-3.039999961853028,0.8500000238418579,-0.0119991358369588,0.9492284059524536,1.0,0.2599999904632568,-0.0
13.882666226091112,0.0,0.0,-1.4600000381469729,-2.0299999713897705,-0.0610865131020545,0.9492284059524536,1.0,0.2599999904632568,-0.0
13.984442349137987,0.0,0.0,0.3100000023841858,-1.9800000190734863,-0.075267307460308,0.9079576134681702,0.0,0.0,-0.0
14.084112759294237,0.0,0.0,-1.830000042915344,-0.3100000023841858,0.0349065773189067,0.8666868209838867,0.0,0.0,-0.0
14.186407681169237,0.0,0.0,-1.3799999952316284,2.2100000381469727,-0.0229074414819479,0.8666868209838867,0.0,0.0,-0.0
14.284124966325487,0.0,0.0,-1.7000000476837158,0.1800000071525573,-0.05345069617033,0.7016035914421082,0.0,0.0,-0.0
14.383551235856737,0.0,0.0,-1.090000033378601,0.0399999991059303,-0.0741764828562736,0.6190620064735413,0.0,0.0,-0.0
14.484015103044237,0.0,0.0,-1.3899999856948853,-2.0299999713897705,0.0196349509060382,0.4952495992183685,0.0,0.0,-0.0
14.583746548356737,0.0,0.0,-0.9200000166893004,-0.2199999988079071,-0.064359001815319,0.4127079844474792,0.0,0.0,-0.0
14.686407681169237,0.0,0.0,-0.6499999761581421,1.5099999904632568,-0.0163624584674835,0.2888956069946289,0.0,0.0,-0.0
14.779699917497362,0.0,0.0,-0.9399999976158142,-0.699999988079071,0.0054541528224945,0.2063539922237396,0.0,0.0,-0.0
14.880621548356737,0.0,0.0,-1.3600000143051147,0.1199999973177909,-0.0119991358369588,0.1238123998045921,0.0,0.0,-0.0
14.979406948747362,0.0,0.0,-1.2400000095367432,-0.5099999904632568,0.0,0.041270799934864,0.0,0.0,-0.0
15.080603237809862,0.0,0.0,-0.2199999988079071,0.0599999986588954,-0.0021816610824316,0.0,0.0,0.0,-0.0
15.181585903825487,0.0,0.0,-0.4699999988079071,-0.0599999986588954,-0.0010908305412158,0.0,0.0,0.0,-0.0
15.280249233903612,0.0,0.0,-0.3000000119209289,-0.0399999991059303,0.0010908305412158,0.0,0.0,0.0,-0.0
15.379858608903612,0.0,0.0,-0.2199999988079071,0.0,0.0010908305412158,0.0,0.0,0.0,-0.0
15.480383511247362,0.0,0.0,-0.209999993443489,0.050000000745058,0.0010908305412158,0.0,0.0,0.0,-0.0
15.578619595231737,0.0,0.0,-0.2899999916553497,0.0,-0.0010908305412158,0.0,0.0,0.0,-0.0
15.679785366716112,0.0,0.0,-0.209999993443489,0.0599999986588954,-0.0032724919728934,0.0,0.0,0.0,-0.0
15.778998013200487,0.0,0.0,-0.25,0.0199999995529651,-0.0010908305412158,0.0,0.0,0.0,-0.0
15.879339810075487,0.0,0.0,-0.3700000047683716,0.0099999997764825,0.0021816610824316,0.0,0.0,0.0,-0.0
15.978644009294237,0.0,0.0,-0.4199999868869781,-0.0199999995529651,0.0,0.0,0.0,0.0,-0.0
16.076300259294236,0.0,0.0,-0.449999988079071,-0.0700000002980232,-0.0010908305412158,0.0,0.0,0.0,-0.0
16.175360317887986,0.0,0.0,-0.3799999952316284,-0.0099999997764825,0.0,0.0,0.0,0.0,-0.0
16.277960415544236,0.0,0.0,-0.4699999988079071,-0.0399999991059303,0.0021816610824316,0.0,0.0,0.0,-0.0
16.37607442921611,0.0,0.0,-0.4399999976158142,-0.0799999982118606,0.0010908305412158,0.0,0.0,0.0,-0.0
16.47733175343486,0.0,0.0,-0.3700000047683716,-0.050000000745058,-0.0021816610824316,0.0,0.0,0.0,-0.0
16.57858907765361,0.0,0.0,-0.2800000011920929,0.0099999997764825,0.0,0.0,0.0,0.0,-0.0
16.682013149919236,0.0,0.0,-0.4000000059604645,-0.0599999986588954,0.0021816610824316,0.0,0.0,0.0,-0.0
16.77878439015361,0.0,0.0,-0.3100000023841858,-0.0099999997764825,0.0,0.0,0.0,0.0,-0.0
16.877874966325486,0.0,0.0,-0.2199999988079071,0.0399999991059303,0.0010908305412158,0.0,0.0,0.0,-0.0
16.97879659718486,0.0,0.0,-0.3600000143051147,-0.0299999993294477,-0.0021816610824316,0.0,0.0,0.0,-0.0
17.07901632374736,0.0,0.0,-0.449999988079071,-0.0599999986588954,0.0021816610824316,0.0,0.0,0.0,-0.0
17.178879766777293,0.0,0.0,-0.3100000023841858,0.0299999993294477,0.0010908305412158,0.0,0.0,0.0,-0.0
17.278611212089793,0.0,0.0,-0.3899999856948852,0.0,-0.0010908305412158,0.0,0.0,0.0,-0.0
17.379166632011668,0.0,0.0,-0.4199999868869781,-0.0399999991059303,0.0032724919728934,0.0,0.0,0.0,-0.0
17.477982549980418,0.0,0.0,-0.3799999952316284,0.0,-0.0010908305412158,0.0,0.0,0.0,-0.0
17.578873663261668,0.0,0.0,-0.4399999976158142,-0.0599999986588954,0.0010908305412158,0.0,0.0,0.0,-0.0
17.678452520683543,0.0,0.0,-0.4199999868869781,-0.050000000745058,0.0,0.0,0.0,0.0,-0.0
17.777237921074168,0.0,0.0,-0.4199999868869781,0.0,0.0,0.0,0.0,0.0,-0.0
17.875718145683543,0.0,0.0,-0.2800000011920929,0.050000000745058,0.0021816610824316,0.0,0.0,0.0,-0.0
17.976304083183543,0.0,0.0,-0.3899999856948852,-0.0099999997764825,-0.0021816610824316,0.0,1.0,-0.0,-0.0
18.074631719902293,0.0,0.0,-0.449999988079071,-0.0599999986588954,-0.0010908305412158,0.0,1.0,-0.0,-0.0
18.177140264824168,0.0,0.0,-0.3799999952316284,-0.0399999991059303,-0.0021816610824316,0.0,1.0,-0.0,-0.0
18.279801397636668,0.0,0.0,-0.2899999916553497,-0.0099999997764825,-0.0010908305412158,0.0,1.0,0.2599999904632568,-0.0
18.377335577324168,0.0,0.0,1.7999999523162842,0.6100000143051147,0.0076358141377568,0.041270799934864,1.0,0.2599999904632568,-0.0
18.477463751152293,0.0,0.0,1.6299999952316284,0.2000000029802322,-0.0261799357831478,0.1650831997394561,1.0,0.2599999904632568,-0.0
18.576554327324168,0.0,0.0,-1.059999942779541,-0.5099999904632568,-0.0054541528224945,0.2063539922237396,1.0,0.2599999904632568,-0.0
18.676041632011668,0.0,0.0,0.6700000166893005,-0.3400000035762787,-0.0610865131020545,0.3301663994789123,1.0,0.2599999904632568,-0.0
18.774704962089793,0.0,0.0,-0.0599999986588954,-0.2399999946355819,0.1156280413269996,0.4127079844474792,1.0,0.2599999904632568,-0.0
18.875016241386668,0.0,0.0,-1.4800000190734863,-0.3899999856948852,0.0578140206634998,0.4539788067340851,1.0,0.2599999904632568,-0.0
18.975571661308543,0.0,0.0,-0.9100000262260436,2.109999895095825,0.0272707659751176,0.5777912139892578,1.0,0.2599999904632568,-0.0
19.075760870292918,0.0,0.0,-1.309999942779541,1.6399999856948853,0.1134463846683502,0.5777912139892578,1.0,0.2599999904632568,-0.0
19.173813848808543,0.0,0.0,0.4900000095367431,2.2100000381469727,-0.0981747508049011,0.6603327989578247,1.0,0.2599999904632568,-0.0
19.271805792167918,0.0,0.0,1.7699999809265137,-1.6699999570846558,0.0185441207140684,0.6603327989578247,1.0,0.2599999904632568,-0.0
19.374436407402293,0.0,0.0,1.2899999618530271,0.0099999997764825,-0.0621773414313793,0.7428743839263916,1.0,0.2599999904632568,-0.0
19.471848516777293,0.0,0.0,1.1299999952316284,-2.640000104904175,0.0392699018120765,0.784145176410675,1.0,0.2599999904632568,-0.0
19.572556524589793,0.0,0.0,1.809999942779541,-0.0599999986588954,-0.1134463846683502,0.784145176410675,1.0,0.2599999904632568,-0.0
19.672806768730418,0.0,0.0,0.0299999993294477,-0.3400000035762787,0.1527162790298462,0.8254159688949585,1.0,0.2599999904632568,-0.0
19.774033575370986,0.0,0.0,-2.880000114440918,1.919999957084656,-0.0316340886056423,0.8254159688949585,1.0,0.2599999904632568,-0.0
19.874772100761668,0.0,0.0,-0.4900000095367431,1.2200000286102295,-0.0272707659751176,0.8254159688949585,1.0,0.2599999904632568,-0.0
19.973465948417918,0.0,0.0,2.0199999809265137,0.6800000071525574,-0.1330813318490982,0.9079576134681702,1.0,0.2599999904632568,-0.0
20.074875860527293,0.0,0.0,-1.159999966621399,0.8600000143051147,-0.0392699018120765,0.9079576134681702,1.0,0.2599999904632568,-0.0
20.174057989433543,0.0,0.0,1.4199999570846558,-1.9299999475479128,0.1352629959583282,0.9079576134681702,1.0,0.2599999904632568,-0.0
20.272110967949168,0.0,0.0,-2.430000066757202,0.2599999904632568,-0.05345069617033,0.9492284059524536,1.0,0.2599999904632568,-0.0
20.374619512870986,0.0,0.0,0.3199999928474426,-1.2200000286102295,-0.146171286702156,0.9492284059524536,1.0,0.2599999904632568,-0.0
20.474045782402293,0.0,0.0,-0.1199999973177909,-1.559999942779541,-0.0087266443297266,0.9904991984367372,1.0,0.2599999904632568,-0.0
20.571335821464793,0.0,0.0,-3.7899999618530273,0.7900000214576721,-0.0698131546378135,0.9904991984367372,1.0,0.2599999904632568,-0.0
20.670762090996043,0.0,0.0,-2.109999895095825,0.9399999976158142,-0.1167188733816146,1.0317699909210205,1.0,0.2599999904632568,-0.0
20.775986700370986,0.0,0.0,-0.5799999833106995,1.9700000286102293,0.1210821941494941,1.0317699909210205,1.0,0.2599999904632568,-0.0
20.870774298027293,0.0,0.0,-2.119999885559082,1.3899999856948853,-0.0239982716739177,1.0317699909210205,1.0,0.2599999904632568,-0.0
20.971848516777293,0.0,0.0,-1.7799999713897705,2.559999942779541,-0.0774489715695381,1.0317699909210205,1.0,0.2599999904632568,-0.0
21.074173956230418,0.0,0.0,0.5799999833106995,2.819999933242798,0.1352629959583282,1.0317699909210205,1.0,0.2599999904632568,-0.0
21.174546270683543,0.0,0.0,1.2400000095367432,-0.5600000023841858,-0.1319904923439026,1.0317699909210205,1.0,0.2599999904632568,-0.0
21.272202520683543,0.0,0.0,3.7200000286102295,-2.75,-0.05345069617033,1.0730408430099487,1.0,0.2599999904632568,-0.0
21.372635870292918,0.0,0.0,-0.3899999856948852,-2.990000009536743,-0.1014472395181655,1.0730408430099487,1.0,0.2599999904632568,-0.0
21.472001104667918,0.0,0.0,0.0900000035762786,0.2000000029802322,0.1483529657125473,1.0317699909210205,1.0,0.2599999904632568,-0.0
21.573594122246043,0.0,0.0,-1.3600000143051147,2.539999961853028,-0.1625337600708007,1.0730408430099487,1.0,0.2599999904632568,-0.0
21.673539190605418,0.0,0.0,-1.600000023841858,2.3399999141693115,-0.0774489715695381,1.0730408430099487,1.0,0.2599999904632568,-0.0
21.773118048027293,0.0,0.0,-0.4099999964237213,0.8399999737739563,-0.0010908305412158,1.0317699909210205,1.0,0.2599999904632568,-0.0
21.872483282402293,0.0,0.0,0.8899999856948853,-3.1600000858306885,-0.044724054634571,1.0730408430099487,1.0,0.2599999904632568,-0.0
21.969407110527293,0.0,0.0,-5.480000019073486,2.369999885559082,-0.0523598715662956,1.1143115758895874,1.0,0.2599999904632568,-0.0
22.068619757011668,0.0,0.0,-1.350000023841858,0.8600000143051147,-0.1494437903165817,1.0730408430099487,1.0,0.2599999904632568,-0.0
22.169968633964793,0.0,0.0,1.4700000286102295,4.309999942779541,0.1156280413269996,1.0730408430099487,1.0,0.2599999904632568,-0.0
22.267380743339793,0.0,0.0,0.8100000023841858,-3.809999942779541,-0.1090830639004707,1.1143115758895874,1.0,0.2599999904632568,-0.0
22.368546514824168,0.0,0.0,-3.5999999046325684,1.690000057220459,-0.033815748989582,1.0730408430099487,1.0,0.2599999904632568,-0.0
22.473740606620986,0.0,0.0,-1.5199999809265137,2.059999942779541,-0.1090830639004707,1.1143115758895874,1.0,0.2599999904632568,-0.0
22.569840460136668,0.0,0.0,2.25,2.6700000762939453,0.0796306282281875,1.1143115758895874,1.0,0.2599999904632568,-0.0
22.668137579277293,0.0,0.0,1.940000057220459,-3.7300000190734863,-0.1189005300402641,1.0730408430099487,1.0,0.2599999904632568,-0.0
22.768326788261668,0.0,0.0,-4.03000020980835,1.350000023841858,-0.0381790697574615,1.1143115758895874,1.0,0.2599999904632568,-0.0
22.867844610527293,0.0,0.0,-0.25,2.309999942779541,-0.1189005300402641,1.1143115758895874,1.0,0.2599999904632568,-0.0
22.969010382011668,0.0,0.0,3.890000104904175,-0.5600000023841858,0.0163624584674835,1.0730408430099487,1.0,0.2599999904632568,-0.0
23.070023565605418,0.0,0.0,-0.1700000017881393,-2.9800000190734863,-0.0141807980835437,1.1143115758895874,1.0,0.2599999904632568,-0.0
23.169053106620986,0.0,0.0,-3.890000104904175,2.75,-0.0850847885012626,1.1143115758895874,1.0,0.2599999904632568,-0.0
23.267563848808543,0.0,0.0,0.4099999964237213,1.1100000143051147,-0.1265363544225692,1.1143115758895874,1.0,0.2599999904632568,-0.0
23.368363409355418,0.0,0.0,0.6600000262260437,-0.6899999976158142,0.1167188733816146,1.1143115758895874,1.0,0.2599999904632568,-0.0
23.465592413261668,0.0,0.0,-0.3700000047683716,-2.7100000381469727,-0.1243546828627586,1.0730408430099487,1.0,0.2599999904632568,-0.0
23.567917852714793,0.0,0.0,-2.380000114440918,0.7599999904632568,-0.0130899678915739,1.1555824279785156,1.0,0.2599999904632568,-0.0
23.665360479667918,0.0,0.0,-0.3300000131130218,-0.5,-0.1254455149173736,1.0730408430099487,1.0,0.2599999904632568,-0.0
23.768448858574168,0.0,0.0,-0.699999988079071,-1.1799999475479126,0.0305432565510272,1.1555824279785156,1.0,0.2599999904632568,-0.0
23.868515997246043,0.0,0.0,-0.8500000238418579,0.7300000190734863,0.0501782074570655,1.1143115758895874,1.0,0.2599999904632568,-0.0
23.969742803886668,0.0,0.0,-2.5999999046325684,1.690000057220459,-0.1101738810539245,1.1143115758895874,1.0,0.2599999904632568,-0.0
24.069870977714793,0.0,0.0,0.1500000059604644,0.3100000023841858,-0.083993948996067,1.1143115758895874,1.0,0.2599999904632568,-0.0
24.170456915214793,0.0,0.0,-2.130000114440918,-0.75,-0.0414515621960163,1.1143115758895874,1.0,0.2599999904632568,-0.0
24.267350225761668,0.0,0.0,0.4300000071525574,-0.6000000238418579,0.1647154092788696,1.1143115758895874,1.0,0.2599999904632568,-0.0
24.367386846855418,0.0,0.0,0.9399999976158142,0.6800000071525574,-0.1407171338796615,1.1143115758895874,1.0,0.2599999904632568,-0.0
24.473374395683543,0.0,0.0,1.690000057220459,-2.109999895095825,-0.0119991358369588,1.1143115758895874,1.0,0.2599999904632568,-0.0
24.568314581230418,0.0,0.0,-2.7100000381469727,-0.5899999737739563,-0.0512690357863903,1.1143115758895874,1.0,0.2599999904632568,-0.0
24.667374639824168,0.0,0.0,1.2300000190734863,0.6100000143051147,0.1854411959648132,1.1555824279785156,1.0,0.2599999904632568,-0.0
24.764695196464793,0.0,0.0,0.75,-0.5799999833106995,-0.1570796072483062,1.1143115758895874,1.0,0.2599999904632568,-0.0
24.864487676933543,0.0,0.0,-2.200000047683716,-0.9300000071525574,0.0141807980835437,1.1143115758895874,1.0,0.2599999904632568,-0.0
24.965561895683543,0.0,0.0,-1.840000033378601,-0.4900000095367431,-0.1559887677431106,1.1143115758895874,1.0,0.2599999904632568,-0.0
25.064408331230418,0.0,0.0,-0.2199999988079071,4.389999866485596,0.0905389338731765,1.1143115758895874,1.0,0.2599999904632568,-0.0
25.165177374199168,0.0,0.0,0.6000000238418579,-4.25,-0.05345069617033,1.1143115758895874,1.0,0.2599999904632568,-0.0
25.266068487480418,0.0,0.0,-2.5899999141693115,2.549999952316284,-0.0490873754024505,1.0730408430099487,1.0,0.2599999904632568,-0.0
25.364670782402293,0.0,0.0,-0.8799999952316284,1.090000033378601,-0.1450804620981216,1.1143115758895874,1.0,-0.0,-0.0
25.464432745292918,0.0,0.0,-3.0199999809265137,1.6799999475479126,0.0239982716739177,0.9904991984367372,1.0,-0.0,-0.0
25.564988165214793,0.0,0.0,-1.590000033378601,-0.8999999761581421,-0.1756237298250198,0.9079576134681702,1.0,-0.0,-0.0
25.663956671074168,0.0,0.0,-0.5,-0.3799999952316284,-0.1330813318490982,0.8254159688949585,1.0,-0.0,-0.0
25.762589483574168,0.0,0.0,-0.1500000059604644,-2.440000057220459,0.0174532886594533,0.7428743839263916,1.0,-0.0,-0.0
25.864579229667918,0.0,0.0,-2.5299999713897705,2.0299999713897705,-0.1036289036273956,0.5777912139892578,1.0,-0.0,-0.0
25.965714483574168,0.0,0.0,-0.1400000005960464,-1.1200000047683716,-0.0774489715695381,0.5365204215049744,1.0,-0.0,-0.0
26.062943487480418,0.0,0.0,-1.8200000524520876,1.159999966621399,-0.0523598715662956,0.3714371919631958,1.0,-0.0,-0.0
26.160111456230418,0.0,0.0,-1.0800000429153442,1.090000033378601,-0.0163624584674835,0.3301663994789123,1.0,-0.0,-0.0
26.260666876152293,0.0,0.0,-1.100000023841858,0.0,0.021816611289978,0.2063539922237396,1.0,-0.0,-0.0
26.363083868339793,0.0,0.0,-1.2599999904632568,-0.4399999976158142,-0.0098174754530191,0.1238123998045921,1.0,-0.0,-0.0
26.460282354667918,0.0,0.0,-1.149999976158142,0.1299999952316284,-0.0021816610824316,0.041270799934864,1.0,-0.0,-0.0
26.561722784355418,0.0,0.0,-0.1199999973177909,0.0,0.0032724919728934,0.0,1.0,-0.0,-0.0
26.663224249199168,0.0,0.0,-0.1599999964237213,0.1099999994039535,0.0043633221648633,0.0,1.0,-0.0,-0.0
26.763474493339793,0.0,0.0,-0.3199999928474426,0.1099999994039535,-0.0010908305412158,0.0,0.0,0.0,-0.0
26.864335089042918,0.0,0.0,-0.4099999964237213,0.050000000745058,0.0010908305412158,0.0,0.0,0.0,-0.0
26.962754278496043,0.0,0.0,-0.2800000011920929,0.0900000035762786,0.0,0.0,0.0,0.0,-0.0
27.062607794120986,0.0,0.0,-0.2399999946355819,0.0700000002980232,0.0,0.0,0.0,0.0,-0.0
27.162888555839793,0.0,0.0,-0.2800000011920929,0.1000000014901161,0.0010908305412158,0.0,0.0,0.0,-0.0
27.265366583183543,0.0,0.0,-0.3700000047683716,0.0599999986588954,-0.0021816610824316,0.0,0.0,0.0,-0.0
27.362168340996043,0.0,0.0,-0.270000010728836,0.1099999994039535,0.0043633221648633,0.0,0.0,0.0,-0.0
27.461045294120986,0.0,0.0,-0.3400000035762787,0.0799999982118606,0.0021816610824316,0.0,0.0,0.0,-0.0
27.559647589042918,0.0,0.0,-0.449999988079071,0.0199999995529651,0.0010908305412158,0.0,0.0,0.0,-0.0
27.660019903496043,0.0,0.0,-0.4699999988079071,0.0199999995529651,0.0,0.0,0.0,0.0,-0.0
27.759873419120986,0.0,0.0,-0.4000000059604645,0.0199999995529651,-0.0010908305412158,0.0,0.0,0.0,-0.0
27.859177618339793,0.0,0.0,-0.4900000095367431,0.0,0.0021816610824316,0.0,0.0,0.0,-0.0
27.962082891777293,0.0,0.0,-0.3899999856948852,0.0199999995529651,0.0021816610824316,0.0,0.0,0.0,-0.0
28.063614874199168,0.0,0.0,-0.3000000119209289,0.0700000002980232,0.0010908305412158,0.0,0.0,0.0,-0.0
28.161026983574168,0.0,0.0,-0.2199999988079071,0.0799999982118606,0.0021816610824316,0.0,0.0,0.0,-0.0
28.262314825370986,0.0,0.0,-0.2800000011920929,0.0700000002980232,0.0010908305412158,0.0,0.0,0.0,-0.0
28.362290411308543,0.0,0.0,-0.2300000041723251,0.1000000014901161,0.0010908305412158,0.0,0.0,0.0,-0.0
28.460343389824168,0.0,0.0,-0.270000010728836,0.1000000014901161,0.0,0.0,0.0,0.0,-0.0
28.562729864433543,0.0,0.0,-0.3600000143051147,0.0799999982118606,-0.0032724919728934,0.0,0.0,0.0,-0.0
28.659104376152293,0.0,0.0,-0.4399999976158142,0.0199999995529651,0.0010908305412158,0.0,0.0,0.0,-0.0
28.757798223808543,0.0,0.0,-0.4799999892711639,0.0199999995529651,0.0010908305412158,0.0,0.0,0.0,-0.0
28.859574346855418,0.0,0.0,-0.4000000059604645,0.0299999993294477,-0.0021816610824316,0.0,0.0,0.0,-0.0
28.95940934326634,0.0,0.0,-0.2199999988079071,0.0299999993294477,0.0010908305412158,0.0,0.0,0.0,-0.0
29.061063396000716,0.0,0.0,-0.3300000131130218,0.0,0.0,0.0,0.0,0.0,-0.0
29.158078776860147,0.0,0.0,-0.3700000047683716,-0.0299999993294477,-0.0010908305412158,0.0,0.0,0.0,-0.0
29.261228190922647,0.0,0.0,-0.3400000035762787,0.0,-0.0010908305412158,0.0,0.0,0.0,-0.0
29.36016617920384,0.0,0.0,-0.4000000059604645,-0.0399999991059303,-0.0021816610824316,0.0,0.0,0.0,-0.0
29.458341228031966,0.0,0.0,-0.3100000023841858,-0.0099999997764825,0.0,0.0,0.0,0.0,-0.0
29.558469401860147,0.0,0.0,-0.2199999988079071,0.0199999995529651,-0.0010908305412158,0.0,0.0,0.0,-0.0
29.65887223389134,0.0,0.0,-0.1500000059604644,0.050000000745058,-0.0032724919728934,0.0,0.0,0.0,-0.0
29.758786784672647,0.0,0.0,-0.209999993443489,0.0399999991059303,-0.0010908305412158,0.0,0.0,0.0,-0.0
29.859342204594466,0.0,0.0,-0.1400000005960464,0.0700000002980232,-0.0021816610824316,0.0,0.0,0.0,-0.0
29.959500896000716,0.0,0.0,-0.2199999988079071,0.0799999982118606,-0.0010908305412158,0.0,0.0,0.0,-0.0
30.06084977295384,0.0,0.0,-0.2899999916553497,0.0,-0.0021816610824316,0.0,0.0,0.0,-0.0
30.159207927250716,0.0,0.0,-0.3799999952316284,0.0,-0.0010908305412158,0.0,0.0,0.0,-0.0
30.255033122563216,0.0,0.0,-0.2899999916553497,0.050000000745058,0.0021816610824316,0.0,0.0,0.0,-0.0
30.355252849125716,0.0,0.0,-0.3700000047683716,0.0,-0.0043633221648633,0.0,0.0,0.0,-0.0
30.458158122563216,0.0,0.0,-0.3899999856948852,-0.0299999993294477,-0.0010908305412158,0.0,0.0,0.0,-0.0
30.554898845219466,0.0,0.0,-0.3000000119209289,-0.0099999997764825,0.0010908305412158,0.0,0.0,0.0,-0.0
30.65813981201634,0.0,0.0,-0.2000000029802322,0.050000000745058,-0.0032724919728934,0.0,0.0,0.0,-0.0
30.75835953857884,0.0,0.0,-0.3000000119209289,-0.0099999997764825,0.0021816610824316,0.0,0.0,0.0,-0.0
30.858274089360147,0.0,0.0,-0.1800000071525573,0.050000000745058,0.0010908305412158,0.0,0.0,0.0,-0.0
30.95910416748509,0.0,0.0,-0.1400000005960464,0.0900000035762786,0.0010908305412158,0.0,0.0,0.0,-0.0
31.057889567875716,0.0,0.0,-0.2000000029802322,0.0399999991059303,0.0,0.0,0.0,0.0,-0.0
31.157865153813216,0.0,0.0,-0.3300000131130218,-0.0299999993294477,0.0010908305412158,0.0,0.0,0.0,-0.0
31.259244548344466,0.0,0.0,-0.2199999988079071,0.0399999991059303,-0.0032724919728934,0.0,1.0,-0.0,-0.0
31.360868083500716,0.0,0.0,-0.1700000017881393,0.0599999986588954,-0.0010908305412158,0.0,1.0,-0.0,-0.0
31.45812760498509,0.0,0.0,-0.1800000071525573,0.0700000002980232,0.0,0.0,1.0,-0.0,-0.0
31.55871354248509,0.0,0.0,-0.270000010728836,0.050000000745058,0.0010908305412158,0.0,1.0,-0.0,-0.0
31.654660808110147,0.0,0.0,-0.1500000059604644,0.0799999982118606,-0.0010908305412158,0.041270799934864,1.0,0.270000010728836,-0.0
31.754788981938216,0.0,0.0,1.75,0.1500000059604644,0.010908305644989,0.082541599869728,1.0,0.270000010728836,-0.0
31.857022868656966,0.0,0.0,1.350000023841858,-0.1500000059604644,-0.0239982716739177,0.1650831997394561,1.0,0.270000010728836,-0.0
31.953977214360147,0.0,0.0,0.8999999761581421,-0.6800000071525574,-0.05345069617033,0.2888956069946289,1.0,0.270000010728836,-0.0
32.05538712646947,0.0,0.0,0.3400000035762787,0.3700000047683716,-0.0152716282755136,0.3714371919631958,1.0,0.270000010728836,-0.0
32.157163249516344,0.0,0.0,-0.6200000047683716,-0.3400000035762787,-0.0065449839457869,0.4127079844474792,1.0,0.270000010728836,-0.0
32.257993327641344,0.0,0.0,1.9299999475479128,1.8799999952316284,-0.0763581395149231,0.4952495992183685,1.0,0.270000010728836,-0.0
32.35714493896947,0.0,0.0,1.2599999904632568,0.5199999809265137,0.0621773414313793,0.5777912139892578,1.0,0.270000010728836,-0.0
32.45544205811015,0.0,0.0,0.6700000166893005,0.0900000035762786,-0.0807214602828025,0.5777912139892578,1.0,0.270000010728836,-0.0
32.55700455811015,0.0,0.0,0.4900000095367431,-1.4199999570846558,-0.0185441207140684,0.6603327989578247,1.0,0.270000010728836,-0.0
32.65371476318822,0.0,0.0,1.0,-0.9800000190734864,-0.0479965433478355,0.7428743839263916,1.0,0.270000010728836,-0.0
32.75561295654765,0.0,0.0,-1.1200000047683716,-1.1699999570846558,0.010908305644989,0.7428743839263916,1.0,0.270000010728836,-0.0
32.85824357178197,0.0,0.0,0.1299999952316284,1.4199999570846558,-0.0916297659277916,0.8254159688949585,1.0,0.270000010728836,-0.0
32.95263444092265,0.0,0.0,2.7100000381469727,-0.1299999952316284,0.1919861733913421,0.8254159688949585,1.0,0.270000010728836,-0.0
33.05007706787572,0.0,0.0,-2.4200000762939453,1.059999942779541,0.0305432565510272,0.8666868209838867,1.0,0.270000010728836,-0.0
33.15041886475072,0.0,0.0,0.0399999991059303,-2.059999942779541,-0.0938114300370216,0.9079576134681702,1.0,0.270000010728836,-0.0
33.25057755615697,0.0,0.0,2.009999990463257,-0.699999988079071,-0.1418079733848571,0.9492284059524536,1.0,0.270000010728836,-0.0
33.35000382568822,0.0,0.0,3.0299999713897705,-3.369999885559082,-0.1308996677398681,0.9492284059524536,1.0,0.270000010728836,-0.0
33.45300065186015,0.0,0.0,2.130000114440918,-1.25,0.0392699018120765,0.9492284059524536,1.0,0.270000010728836,-0.0
33.55520402100072,0.0,0.0,1.7200000286102295,-0.7300000190734863,-0.1199913620948791,1.0317699909210205,1.0,0.270000010728836,-0.0
33.652646647953844,0.0,0.0,2.990000009536743,-2.289999961853028,-0.1363538205623626,1.0317699909210205,1.0,0.270000010728836,-0.0
33.75271378662572,0.0,0.0,-1.9800000190734863,-1.25,-0.010908305644989,1.0317699909210205,1.0,0.270000010728836,-0.0
33.85256730225072,0.0,0.0,-1.2999999523162842,-1.6799999475479126,-0.0850847885012626,1.0317699909210205,1.0,0.270000010728836,-0.0
33.951352702641344,0.0,0.0,-2.700000047683716,2.7799999713897705,-0.0381790697574615,1.0730408430099487,1.0,0.270000010728836,-0.0
34.052915202641344,0.0,0.0,0.6100000143051147,-1.6699999570846558,-0.1352629959583282,1.1143115758895874,1.0,0.270000010728836,-0.0
34.15646134521947,0.0,0.0,-1.2100000381469729,2.720000028610229,0.1658062487840652,1.1143115758895874,1.0,0.270000010728836,-0.0
34.25240861084447,0.0,0.0,0.9300000071525574,-4.28000020980835,-0.1625337600708007,1.1143115758895874,1.0,0.270000010728836,-0.0
34.35421525146947,0.0,0.0,-3.0799999237060547,4.0,-0.0370882414281368,1.1555824279785156,1.0,0.270000010728836,-0.0
34.449887858891344,0.0,0.0,-2.259999990463257,1.190000057220459,-0.1330813318490982,1.1143115758895874,1.0,0.270000010728836,-0.0
34.55019913818822,0.0,0.0,-1.100000023841858,1.3300000429153442,0.0119991358369588,1.1555824279785156,1.0,0.270000010728836,-0.0
34.64928971436015,0.0,0.0,1.870000004768372,-0.6800000071525574,0.1559887677431106,1.1968531608581543,1.0,0.270000010728836,-0.0
34.74978409912572,0.0,0.0,-0.1400000005960464,0.209999993443489,-0.1156280413269996,1.1555824279785156,1.0,0.270000010728836,-0.0
34.85250626709447,0.0,0.0,-1.9900000095367432,2.9600000381469727,-0.0359974093735218,1.1555824279785156,1.0,0.270000010728836,-0.0
34.95193253662572,0.0,0.0,-2.109999895095825,0.800000011920929,-0.1745328903198242,1.1968531608581543,1.0,0.270000010728836,-0.0
35.05392228271947,0.0,0.0,-0.4799999892711639,-1.1399999856948853,0.010908305644989,1.1555824279785156,1.0,0.270000010728836,-0.0
35.152280437016344,0.0,0.0,0.7400000095367432,0.270000010728836,0.1908953487873077,1.1968531608581543,1.0,0.270000010728836,-0.0
35.25149308350072,0.0,0.0,0.7099999785423279,-3.380000114440918,-0.1243546828627586,1.1968531608581543,1.0,0.270000010728836,-0.0
35.35055314209447,0.0,0.0,-2.25,3.299999952316284,-0.0719948187470436,1.1968531608581543,1.0,0.270000010728836,-0.0
35.451108562016344,0.0,0.0,1.3300000429153442,-1.6200000047683716,-0.114537201821804,1.1968531608581543,1.0,0.270000010728836,-0.0
35.54958878662572,0.0,0.0,1.4900000095367432,-0.5099999904632568,-0.0741764828562736,1.1555824279785156,1.0,0.270000010728836,-0.0
35.648984538578844,0.0,0.0,0.550000011920929,2.380000114440918,0.1265363544225692,1.1968531608581543,1.0,0.270000010728836,-0.0
35.748715983891344,0.0,0.0,1.0,-1.909999966621399,0.0381790697574615,1.1968531608581543,1.0,0.270000010728836,-0.0
35.84545670654765,0.0,0.0,-0.699999988079071,0.3799999952316284,-0.1330813318490982,1.2381240129470823,1.0,0.270000010728836,-0.0
35.94692765381322,0.0,0.0,0.3600000143051147,2.789999961853028,-0.0294524263590574,1.1968531608581543,1.0,0.270000010728836,-0.0
36.044858562016344,0.0,0.0,-1.7300000190734863,-3.2100000381469727,-0.1974403262138366,1.1968531608581543,1.0,0.270000010728836,-0.0
36.14742814209447,0.0,0.0,-2.140000104904175,-0.449999988079071,-0.0294524263590574,1.2381240129470823,1.0,0.270000010728836,-0.0
36.24694596436015,0.0,0.0,-0.2300000041723251,2.9600000381469727,0.1810778677463531,1.1968531608581543,1.0,0.270000010728836,-0.0
36.34780656006322,0.0,0.0,1.3799999952316284,-2.569999933242798,0.010908305644989,1.1968531608581543,1.0,0.270000010728836,-0.0
36.445920573735094,0.0,0.0,-0.5799999833106995,2.150000095367432,-0.1036289036273956,1.2381240129470823,1.0,0.270000010728836,-0.0
36.548764812016344,0.0,0.0,0.949999988079071,-0.7300000190734863,-0.0709039866924285,1.2381240129470823,1.0,0.270000010728836,-0.0
36.64468156006322,0.0,0.0,-0.6100000143051147,-1.409999966621399,-0.1428987979888916,1.1968531608581543,1.0,0.270000010728836,-0.0
36.75015031006322,0.0,0.0,-0.050000000745058,-1.1399999856948853,0.0599956810474395,1.1968531608581543,1.0,0.270000010728836,-0.0
36.84829484131322,0.0,0.0,0.7799999713897705,-0.1599999964237213,0.1799870431423187,1.2381240129470823,1.0,0.270000010728836,-0.0
36.94701920654765,0.0,0.0,1.0700000524520874,-1.7400000095367432,-0.1232638508081436,1.2793947458267212,1.0,0.270000010728836,-0.0
37.04772721436015,0.0,0.0,-0.3700000047683716,-1.1799999475479126,-0.1396263092756271,1.2381240129470823,1.0,0.270000010728836,-0.0
37.148130046391344,0.0,0.0,-2.5899999141693115,2.7100000381469727,-0.0501782074570655,1.2793947458267212,1.0,0.270000010728836,-0.0
37.243833171391344,0.0,0.0,2.1600000858306885,-0.3300000131130218,-0.1647154092788696,1.2381240129470823,1.0,0.270000010728836,-0.0
37.345883952641344,0.0,0.0,-2.640000104904175,0.3100000023841858,-0.0970839187502861,1.2381240129470823,1.0,0.270000010728836,-0.0
37.444638835453844,0.0,0.0,3.2699999809265137,0.0,0.0774489715695381,1.1968531608581543,1.0,0.270000010728836,-0.0
37.54342423584447,0.0,0.0,0.4300000071525574,-0.4600000083446502,0.1636245846748352,1.2793947458267212,1.0,0.270000010728836,-0.0
37.64816056396947,0.0,0.0,-0.4600000083446502,-3.4100000858306885,-0.1472621262073516,1.2381240129470823,1.0,0.270000010728836,-0.0
37.74496232178197,0.0,0.0,-1.100000023841858,0.1099999994039535,-0.1003564149141311,1.2381240129470823,1.0,0.270000010728836,-0.0
37.84487687256322,0.0,0.0,1.7400000095367432,2.259999990463257,0.0032724919728934,1.2381240129470823,1.0,0.270000010728836,-0.0
37.94509659912572,0.0,0.0,-1.090000033378601,-3.5899999141693115,-0.1658062487840652,1.2793947458267212,1.0,0.270000010728836,-0.0
38.04623185303197,0.0,0.0,-3.559999942779541,-0.0099999997764825,-0.064359001815319,1.2381240129470823,1.0,0.270000010728836,-0.0
38.14718400146947,0.0,0.0,0.4699999988079071,-0.5699999928474426,0.0938114300370216,1.2381240129470823,1.0,0.270000010728836,-0.0
38.244321452641344,0.0,0.0,0.3799999952316284,3.390000104904175,0.0938114300370216,1.2793947458267212,1.0,0.270000010728836,-0.0
38.346860515141344,0.0,0.0,-0.5699999928474426,-2.319999933242798,-0.0981747508049011,1.2793947458267212,1.0,0.270000010728836,-0.0
38.44604264404765,0.0,0.0,-1.2599999904632568,-1.3200000524520874,-0.1407171338796615,1.2793947458267212,1.0,0.270000010728836,-0.0
38.54177628662572,0.0,0.0,3.5899999141693115,0.9100000262260436,-0.0698131546378135,1.2381240129470823,1.0,0.270000010728836,-0.0
38.640683757328844,0.0,0.0,0.8899999856948853,-1.850000023841858,-0.1996219903230667,1.2793947458267212,1.0,0.270000010728836,-0.0
38.743283854985094,0.0,0.0,-4.960000038146973,-0.9200000166893004,-0.0545415319502353,1.1968531608581543,1.0,-0.0,-0.0
38.84020768311015,0.0,0.0,-2.289999961853028,-0.7200000286102295,0.0512690357863903,1.1143115758895874,1.0,-0.0,-0.0
38.94235001709447,0.0,0.0,-2.150000095367432,-2.4200000762939453,-0.1396263092756271,1.0317699909210205,1.0,-0.0,-0.0
39.043210612797594,0.0,0.0,-3.220000028610229,0.5699999928474426,-0.0469057150185108,0.9079576134681702,1.0,-0.0,-0.0
39.141721354985094,0.0,0.0,-1.1299999952316284,-0.209999993443489,0.0054541528224945,0.784145176410675,1.0,-0.0,-0.0
39.24319230225072,0.0,0.0,-0.6899999976158142,-0.5600000023841858,0.0098174754530191,0.7016035914421082,1.0,-0.0,-0.0
39.342343913578844,0.0,0.0,0.1500000059604644,-0.1400000005960464,0.0076358141377568,0.5777912139892578,1.0,-0.0,-0.0
39.441648112797594,0.0,0.0,-1.5099999904632568,1.1100000143051147,-0.075267307460308,0.4539788067340851,1.0,-0.0,-0.0
39.54305802490697,0.0,0.0,-0.050000000745058,0.1099999994039535,-0.0163624584674835,0.3714371919631958,1.0,-0.0,-0.0
39.643491374516344,0.0,0.0,-1.870000004768372,0.0700000002980232,-0.0076358141377568,0.2888956069946289,1.0,-0.0,-0.0
39.74178849365697,0.0,0.0,-0.9300000071525574,0.8999999761581421,0.010908305644989,0.2063539922237396,1.0,-0.0,-0.0
39.84158097412572,0.0,0.0,0.3400000035762787,-0.2000000029802322,0.0076358141377568,0.082541599869728,0.0,0.0,-0.0
39.93847428467265,0.0,0.0,-1.6699999570846558,-0.5799999833106995,-0.0021816610824316,0.041270799934864,0.0,0.0,-0.0
40.03915177490697,0.0,0.0,-0.209999993443489,0.0599999986588954,-0.0032724919728934,0.0,0.0,0.0,-0.0
40.14297257568822,0.0,0.0,-0.3600000143051147,0.0199999995529651,0.0010908305412158,0.0,0.0,0.0,-0.0
40.239072429203844,0.0,0.0,-0.3700000047683716,-0.0399999991059303,-0.0021816610824316,0.0,0.0,0.0,-0.0
40.34164200928197,0.0,0.0,-0.25,0.0299999993294477,-0.0010908305412158,0.0,0.0,0.0,-0.0
40.44302140381322,0.0,0.0,-0.2599999904632568,0.0599999986588954,0.0,0.0,0.0,0.0,-0.0
40.54086075928197,0.0,0.0,-0.3400000035762787,0.050000000745058,0.0,0.0,0.0,0.0,-0.0
40.64330826904765,0.0,0.0,-0.270000010728836,0.0599999986588954,-0.0010908305412158,0.0,0.0,0.0,-0.0
40.73925553467265,0.0,0.0,-0.3700000047683716,0.0299999993294477,-0.0010908305412158,0.0,0.0,0.0,-0.0
40.84005509521947,0.0,0.0,-0.449999988079071,0.0,-0.0010908305412158,0.0,0.0,0.0,-0.0
40.940732585453844,0.0,0.0,-0.449999988079071,-0.0399999991059303,0.0021816610824316,0.0,0.0,0.0,-0.0
41.039487468266344,0.0,0.0,-0.3499999940395355,-0.0099999997764825,0.0010908305412158,0.0,0.0,0.0,-0.0
41.140073405766344,0.0,0.0,-0.4600000083446502,-0.0399999991059303,0.0032724919728934,0.0,0.0,0.0,-0.0
41.23885880615697,0.0,0.0,-0.4000000059604645,-0.0099999997764825,0.0,0.0,0.0,0.0,-0.0
41.33608781006322,0.0,0.0,-0.270000010728836,0.0199999995529651,0.0010908305412158,0.0,0.0,0.0,-0.0
41.43603287842265,0.0,0.0,-0.2300000041723251,0.0399999991059303,-0.0010908305412158,0.0,0.0,0.0,-0.0
41.53787003662572,0.0,0.0,-0.2800000011920929,0.0799999982118606,0.0032724919728934,0.0,0.0,0.0,-0.0
41.63534318115697,0.0,0.0,-0.25,0.0399999991059303,0.0010908305412158,0.0,0.0,0.0,-0.0
41.73803483154765,0.0,0.0,-0.270000010728836,0.0700000002980232,0.0010908305412158,0.0,0.0,0.0,-0.0
41.83797989990697,0.0,0.0,-0.3700000047683716,0.0399999991059303,0.0021816610824316,0.0,0.0,0.0,-0.0
41.93667374756322,0.0,0.0,-0.4399999976158142,0.0,0.0010908305412158,0.0,0.0,0.0,-0.0
42.037290202641344,0.0,0.0,-0.4600000083446502,-0.050000000745058,0.0010908305412158,0.0,0.0,0.0,-0.0
42.13805924561015,0.0,0.0,-0.449999988079071,0.0,0.0010908305412158,0.0,0.0,0.0,-0.0
42.237851726078844,0.0,0.0,-0.4699999988079071,-0.0299999993294477,0.0,0.0,0.0,0.0,-0.0
42.33773575928197,0.0,0.0,-0.4000000059604645,-0.0199999995529651,0.0,0.0,0.0,0.0,-0.0
42.437619792485094,0.0,0.0,-0.3100000023841858,0.0,0.0010908305412158,0.0,0.0,0.0,-0.0
42.53835831787572,0.0,0.0,-0.2399999946355819,0.0599999986588954,-0.0010908305412158,0.0,0.0,0.0,-0.0
42.63699113037572,0.0,0.0,-0.3400000035762787,0.0,0.0,0.0,0.0,0.0,-0.0
42.73739396240697,0.0,0.0,-0.2599999904632568,0.0299999993294477,0.0,0.0,0.0,0.0,-0.0
42.83511124756322,0.0,0.0,-0.2300000041723251,0.0599999986588954,-0.0021816610824316,0.0,0.0,0.0,-0.0
42.93594132568822,0.0,0.0,-0.3100000023841858,0.0599999986588954,0.0021816610824316,0.0,0.0,0.0,-0.0
43.03457413818822,0.0,0.0,-0.4099999964237213,0.0099999997764825,-0.0010908305412158,0.0,0.0,0.0,-0.0
43.13705216553197,0.0,0.0,-0.2899999916553497,0.0799999982118606,0.0021816610824316,0.0,0.0,0.0,-0.0
43.237851726078844,0.0,0.0,-0.2300000041723251,0.0599999986588954,0.0,0.0,0.0,0.0,-0.0
43.338986979985094,0.0,0.0,-0.2899999916553497,0.0599999986588954,-0.0010908305412158,0.0,0.0,0.0,-0.0
43.43691788818822,0.0,0.0,-0.3899999856948852,0.0199999995529651,0.0,0.0,0.0,0.0,-0.0
43.53780900146947,0.0,0.0,-0.2800000011920929,0.0399999991059303,0.0010908305412158,0.0,0.0,0.0,-0.0
43.63805924561015,0.0,0.0,-0.3899999856948852,0.0399999991059303,-0.0010908305412158,0.0,0.0,0.0,-0.0
43.73611222412572,0.0,0.0,-0.4300000071525574,-0.0299999993294477,0.0010908305412158,0.0,0.0,0.0,-0.0
43.83595481115855,0.0,0.0,-0.1800000071525573,0.0099999997764825,0.0,0.0,0.0,0.0,-0.0
43.93971457678355,0.0,0.0,-0.1299999952316284,0.0900000035762786,-0.0021816610824316,0.0,0.0,0.0,-0.0
44.03834738928355,0.0,0.0,-0.1599999964237213,0.0700000002980232,0.0010908305412158,0.0,0.0,0.0,-0.0
44.13710227209605,0.0,0.0,-0.2599999904632568,0.0099999997764825,-0.0021816610824316,0.0,0.0,0.0,-0.0
44.236436988892926,0.0,0.0,-0.3300000131130218,0.0099999997764825,-0.0010908305412158,0.0,0.0,0.0,-0.0
44.33961692053355,0.0,0.0,-0.1500000059604644,0.050000000745058,-0.0010908305412158,0.0,0.0,0.0,-0.0
44.43403830725236,0.0,0.0,-0.1199999973177909,0.0700000002980232,0.0010908305412158,0.0,0.0,0.0,-0.0
44.537218238892926,0.0,0.0,-0.1899999976158142,0.0799999982118606,-0.0010908305412158,0.0,0.0,0.0,-0.0
44.63423361975236,0.0,0.0,-0.1199999973177909,0.0599999986588954,-0.0021816610824316,0.0,0.0,0.0,-0.0
44.73506369787736,0.0,0.0,-0.1400000005960464,0.0700000002980232,-0.0010908305412158,0.0,0.0,0.0,-0.0
44.83650412756486,0.0,0.0,-0.270000010728836,0.0299999993294477,0.0010908305412158,0.0,0.0,0.0,-0.0
44.93501486975236,0.0,0.0,-0.3499999940395355,-0.0199999995529651,-0.0021816610824316,0.0,0.0,0.0,-0.0
45.0374318619398,0.0,0.0,-0.3499999940395355,-0.0199999995529651,0.0,0.0,0.0,0.0,-0.0
45.13905539709605,0.0,0.0,-0.3199999928474426,0.0,0.0010908305412158,0.0,0.0,0.0,-0.0
45.235765602174176,0.0,0.0,-0.3600000143051147,-0.0299999993294477,-0.0010908305412158,0.0,0.0,0.0,-0.0
45.3357717056898,0.0,0.0,-0.3300000131130218,-0.0299999993294477,0.0021816610824316,0.0,0.0,0.0,-0.0
45.435350563111676,0.0,0.0,-0.2300000041723251,-0.0199999995529651,-0.0010908305412158,0.0,0.0,0.0,-0.0
45.53444113928355,0.0,0.0,-0.1500000059604644,0.050000000745058,-0.0010908305412158,0.0,0.0,0.0,-0.0
45.633592750611676,0.0,0.0,-0.2800000011920929,-0.0099999997764825,0.0010908305412158,0.0,0.0,0.0,-0.0
45.73103537756486,0.0,0.0,-0.1899999976158142,0.0,0.0032724919728934,0.0,0.0,0.0,-0.0
45.830003883424176,0.0,0.0,-0.1299999952316284,0.050000000745058,0.0,0.0,0.0,0.0,-0.0
45.931688453736676,0.0,0.0,-0.1400000005960464,0.1000000014901161,0.0,0.0,1.0,-0.0,-0.0
46.02974143225236,0.0,0.0,-0.2199999988079071,0.0599999986588954,0.0010908305412158,0.0,1.0,-0.0,-0.0
46.12959494787736,0.0,0.0,-0.1099999994039535,0.0799999982118606,0.0032724919728934,0.0,1.0,-0.0,-0.0
46.229723121705426,0.0,0.0,-0.1700000017881393,0.0799999982118606,-0.0010908305412158,0.0,1.0,-0.0,-0.0
46.33131613928355,0.0,0.0,-0.3100000023841858,0.0,0.0,0.0,1.0,-0.0,-0.0
46.431322242799176,0.0,0.0,-0.3700000047683716,-0.0199999995529651,-0.0010908305412158,0.0,1.0,-0.0,-0.0
46.53248801428355,0.0,0.0,-0.3400000035762787,-0.0399999991059303,0.0,0.0,1.0,-0.0,-0.0
46.631151344361676,0.0,0.0,-0.3600000143051147,0.0,0.0,0.0,1.0,-0.0,-0.0
46.732286598267926,0.0,0.0,-0.3499999940395355,-0.0199999995529651,0.0,0.0,1.0,-0.0,-0.0
46.832323219361676,0.0,0.0,-0.270000010728836,-0.0199999995529651,0.0010908305412158,0.0,1.0,-0.0,-0.0
46.93184104162736,0.0,0.0,-0.1700000017881393,0.0099999997764825,0.0,0.0,1.0,-0.0,-0.0
47.03248801428355,0.0,0.0,-0.1099999994039535,0.0599999986588954,0.0010908305412158,0.0,1.0,0.2800000011920929,-0.0
47.12782492834605,0.0,0.0,2.190000057220459,0.1500000059604644,0.0076358141377568,0.082541599869728,1.0,0.2800000011920929,-0.0
47.227769996705426,0.0,0.0,1.940000057220459,-0.8600000143051147,0.0665406659245491,0.1650831997394561,1.0,0.2800000011920929,-0.0
47.328661109986676,0.0,0.0,2.359999895095825,0.7300000190734863,0.0087266443297266,0.3301663994789123,1.0,0.2800000011920929,-0.0
47.42732444006486,0.0,0.0,1.5099999904632568,1.1399999856948853,-0.0785398036241531,0.4127079844474792,1.0,0.2800000011920929,-0.0
47.530321266236676,0.0,0.0,-0.8899999856948853,0.0700000002980232,-0.010908305644989,0.5365204215049744,1.0,0.2800000011920929,-0.0
47.62861838537736,0.0,0.0,-0.0700000002980232,2.940000057220459,-0.0785398036241531,0.5777912139892578,1.0,0.2800000011920929,-0.0
47.73024192053355,0.0,0.0,0.3899999856948852,-1.5199999809265137,-0.0294524263590574,0.7016035914421082,1.0,0.2800000011920929,-0.0
47.830797340455426,0.0,0.0,0.5699999928474426,-0.0900000035762786,0.0403607301414012,0.7016035914421082,1.0,0.2800000011920929,-0.0
47.92781272131486,0.0,0.0,0.6299999952316284,-0.6100000143051147,-0.0665406659245491,0.784145176410675,1.0,0.2800000011920929,-0.0
48.02980246740855,0.0,0.0,0.3100000023841858,-0.2399999946355819,-0.0916297659277916,0.8666868209838867,1.0,0.2800000011920929,-0.0
48.13142600256486,0.0,0.0,0.8500000238418579,-2.619999885559082,0.0589048527181148,0.9079576134681702,1.0,0.2800000011920929,-0.0
48.230333473267926,0.0,0.0,2.9200000762939453,2.0999999046325684,0.0021816610824316,0.9492284059524536,1.0,0.2800000011920929,-0.0
48.32917990881486,0.0,0.0,-1.9600000381469729,3.559999942779541,-0.0545415319502353,0.9904991984367372,1.0,0.2800000011920929,-0.0
48.42927756506486,0.0,0.0,1.3600000143051147,-0.2300000041723251,0.032724916934967,0.9904991984367372,1.0,0.2800000011920929,-0.0
48.52565207678355,0.0,0.0,2.5299999713897705,-0.2300000041723251,-0.0741764828562736,1.0730408430099487,1.0,0.2800000011920929,-0.0
48.62843527990855,0.0,0.0,1.9800000190734863,-1.6799999475479126,-0.1472621262073516,1.0730408430099487,1.0,0.2800000011920929,-0.0
48.72822776037736,0.0,0.0,-2.150000095367432,-0.1800000071525573,0.1069013923406601,1.0730408430099487,1.0,0.2800000011920929,-0.0
48.825121070924176,0.0,0.0,0.7599999904632568,-1.8799999952316284,-0.0076358141377568,1.1555824279785156,1.0,0.2800000011920929,-0.0
48.925951149049176,0.0,0.0,0.2199999988079071,1.870000004768372,-0.0578140206634998,1.1555824279785156,1.0,0.2800000011920929,-0.0
49.029710914674176,0.0,0.0,-1.3799999952316284,-0.6200000047683716,-0.105810560286045,1.1555824279785156,1.0,0.2800000011920929,-0.0
49.12587180334605,0.0,0.0,-1.8799999952316284,2.950000047683716,-0.0785398036241531,1.1555824279785156,1.0,0.2800000011920929,-0.0
49.226488258424176,0.0,0.0,2.5199999809265137,-1.690000057220459,0.1047197431325912,1.1968531608581543,1.0,0.2800000011920929,-0.0
49.326952125611676,0.0,0.0,0.5,-1.0800000429153442,-0.0381790697574615,1.2381240129470823,1.0,0.2800000011920929,-0.0
49.425523902955426,0.0,0.0,-2.25,-2.7100000381469727,-0.1123555526137352,1.2793947458267212,1.0,0.2800000011920929,-0.0
49.52626242834605,0.0,0.0,1.919999957084656,-2.009999990463257,-0.105810560286045,1.2381240129470823,1.0,0.2800000011920929,-0.0
49.62794699865855,0.0,0.0,-3.140000104904175,0.4699999988079071,-0.1810778677463531,1.2793947458267212,1.0,0.2800000011920929,-0.0
49.72889914709605,0.0,0.0,0.9399999976158142,-2.680000066757202,-0.1221730262041091,1.2793947458267212,1.0,0.2800000011920929,-0.0
49.826585914674176,0.0,0.0,-5.21999979019165,1.4800000190734863,0.0665406659245491,1.3206655979156494,1.0,0.2800000011920929,-0.0
49.924669410767926,0.0,0.0,-5.28000020980835,3.380000114440918,0.1112647131085395,1.2793947458267212,1.0,0.2800000011920929,-0.0
50.024156715455426,0.0,0.0,7.320000171661377,-3.1600000858306885,0.0207257810980081,1.3206655979156494,1.0,0.2800000011920929,-0.0
50.1249562760023,0.0,0.0,-0.2899999916553497,0.3100000023841858,-0.0992655828595161,1.3206655979156494,1.0,0.2800000011920929,-0.0
50.224657203736676,0.0,0.0,-3.9600000381469727,-1.7999999523162842,-0.0970839187502861,1.3619364500045776,1.0,0.2800000011920929,-0.0
50.327074195924176,0.0,0.0,1.0499999523162842,2.8399999141693115,-0.0938114300370216,1.3206655979156494,1.0,0.2800000011920929,-0.0
50.425584938111676,0.0,0.0,1.6299999952316284,2.7300000190734863,-0.0687223225831985,1.3206655979156494,1.0,0.2800000011920929,-0.0
50.52607932287736,0.0,0.0,0.8399999737739563,0.8600000143051147,-0.1243546828627586,1.3206655979156494,1.0,0.2800000011920929,-0.0
50.6259328385023,0.0,0.0,-1.2699999809265137,-0.8799999952316284,-0.1756237298250198,1.3206655979156494,1.0,0.2800000011920929,-0.0
50.72792258459605,0.0,0.0,-0.75,-2.9800000190734863,-0.1385354846715927,1.4032071828842163,1.0,0.2800000011920929,-0.0
50.824754859986676,0.0,0.0,-5.690000057220459,5.25,-0.0316340886056423,1.3206655979156494,1.0,0.2800000011920929,-0.0
50.924364234986676,0.0,0.0,0.270000010728836,2.8499999046325684,0.0763581395149231,1.3206655979156494,1.0,0.2800000011920929,0.0463928207755088
51.026781227174176,0.0,0.0,2.259999990463257,2.3499999046325684,0.1123555526137352,1.3619364500045776,1.0,0.2800000011920929,0.1000000014901161
51.127245094361676,0.0,0.0,4.639999866485596,-2.5299999713897705,0.1385354846715927,1.3619364500045776,1.0,0.2800000011920929,-0.0
51.224107887330426,0.0,0.0,5.730000019073486,-2.140000104904175,0.1756237298250198,1.3619364500045776,1.0,0.2800000011920929,-0.0
51.3225881119398,0.0,0.0,-4.179999828338623,-1.0399999618530271,0.0021816610824316,1.3619364500045776,1.0,0.2800000011920929,-0.0
51.422411109986676,0.0,0.0,-2.990000009536743,-1.0099999904632568,-0.0763581395149231,1.4032071828842163,1.0,0.2800000011920929,-0.0
51.524156715455426,0.0,0.0,-3.5799999237060547,-2.4800000190734863,-0.0829031243920326,1.3206655979156494,1.0,0.2800000011920929,-0.0
51.621507789674176,0.0,0.0,1.3300000429153442,-1.399999976158142,-0.0556323565542697,1.3619364500045776,1.0,0.2800000011920929,-0.0
51.721361305299176,0.0,0.0,0.1199999973177909,1.9299999475479128,-0.0545415319502353,1.3619364500045776,1.0,0.2800000011920929,-0.0
51.82228293615855,0.0,0.0,1.340000033378601,2.3399999141693115,-0.0185441207140684,1.3619364500045776,1.0,0.2800000011920929,-0.0
51.926805641236676,0.0,0.0,0.4199999868869781,2.470000028610229,-0.0370882414281368,1.3619364500045776,1.0,0.2800000011920929,-0.0
52.02382102209605,0.0,0.0,0.0399999991059303,-0.1099999994039535,-0.1036289036273956,1.4032071828842163,1.0,0.2800000011920929,-0.0
52.12330832678355,0.0,0.0,1.3600000143051147,-2.380000114440918,-0.1516254544258117,1.3619364500045776,1.0,0.2800000011920929,-0.0
52.223436500611676,0.0,0.0,-1.4299999475479126,-2.150000095367432,-0.1450804620981216,1.3619364500045776,1.0,0.2800000011920929,-0.0
52.323473121705426,0.0,0.0,-4.619999885559082,1.059999942779541,-0.086175613105297,1.4032071828842163,1.0,0.2800000011920929,-0.0
52.423204567017926,0.0,0.0,-4.289999961853027,5.710000038146973,0.0098174754530191,1.3619364500045776,1.0,0.2800000011920929,-0.0
52.52107444006486,0.0,0.0,-2.2100000381469727,5.099999904632568,0.1592612564563751,1.3619364500045776,1.0,0.2800000011920929,-0.0
52.62227072912736,0.0,0.0,1.3600000143051147,1.9700000286102293,0.086175613105297,1.4032071828842163,1.0,0.2800000011920929,-0.0
52.7190724869398,0.0,0.0,2.8499999046325684,1.7100000381469729,0.0545415319502353,1.3619364500045776,1.0,0.2800000011920929,-0.0
52.820482399049176,0.0,0.0,3.400000095367432,-1.190000057220459,0.0141807980835437,1.4032071828842163,1.0,0.2800000011920929,-0.0
52.919054176392926,0.0,0.0,1.1699999570846558,0.4600000083446502,-0.0589048527181148,1.4032071828842163,1.0,0.2800000011920929,-0.0
53.01960959631486,0.0,0.0,-1.5800000429153442,-0.270000010728836,-0.0709039866924285,1.4032071828842163,1.0,0.2800000011920929,-0.0
53.12117209631486,0.0,0.0,-4.909999847412109,-1.4700000286102295,-0.1079922318458557,1.4032071828842163,1.0,0.2800000011920929,-0.0
53.22316184240855,0.0,0.0,-0.6299999952316284,0.209999993443489,-0.0927205979824066,1.4032071828842163,1.0,0.2800000011920929,-0.0
53.323961402955426,0.0,0.0,1.2300000190734863,-0.3000000119209289,-0.1341721564531326,1.4032071828842163,1.0,0.2800000011920929,-0.0
53.422960426392926,0.0,0.0,-0.1000000014901161,0.0,-0.0665406659245491,1.3619364500045776,1.0,-0.0,-0.0
53.521349098267926,0.0,0.0,-4.710000038146973,2.049999952316284,-0.0283615961670875,1.3206655979156494,1.0,-0.0,-0.0
53.622179176392926,0.0,0.0,-3.130000114440918,1.659999966621399,-0.0818122923374176,1.1555824279785156,1.0,-0.0,-0.0
53.722520973267926,0.0,0.0,-1.809999942779541,1.7899999618530271,-0.1723512262105941,1.0730408430099487,1.0,-0.0,-0.0
53.821458961549176,0.0,0.0,-1.600000023841858,-0.4600000083446502,0.0381790697574615,0.9904991984367372,1.0,-0.0,-0.0
53.92128195959605,0.0,0.0,-0.7900000214576721,2.4200000762939453,-0.0512690357863903,0.8254159688949585,1.0,-0.0,-0.0
54.02449240881486,0.0,0.0,-2.940000057220459,1.340000033378601,-0.0098174754530191,0.7428743839263916,1.0,-0.0,-0.0
54.117906715455426,0.0,0.0,-2.140000104904175,2.5799999237060547,-0.0621773414313793,0.6603327989578247,1.0,-0.0,-0.0
54.219896461549176,0.0,0.0,0.1500000059604644,-1.4299999475479126,0.0425423942506313,0.4952495992183685,1.0,-0.0,-0.0
54.3186818619398,0.0,0.0,-2.5899999141693115,-0.8999999761581421,-0.0425423942506313,0.4127079844474792,1.0,-0.0,-0.0
54.419542457642926,0.0,0.0,-1.6699999570846558,0.2800000011920929,0.0021816610824316,0.3301663994789123,1.0,-0.0,-0.0
54.518663551392926,0.0,0.0,-1.4800000190734863,0.4600000083446502,0.0119991358369588,0.2476247996091842,1.0,-0.0,-0.0
54.616502906861676,0.0,0.0,-1.2300000190734863,0.1199999973177909,-0.0098174754530191,0.1650831997394561,1.0,-0.0,-0.0
54.715868141236676,0.0,0.0,-0.8600000143051147,-0.2399999946355819,-0.0152716282755136,0.041270799934864,1.0,-0.0,-0.0
54.817918922486676,0.0,0.0,-0.1400000005960464,0.2599999904632568,-0.0010908305412158,0.0,0.0,0.0,-0.0
54.915514137330426,0.0,0.0,-0.2899999916553497,0.0099999997764825,-0.0021816610824316,0.0,0.0,0.0,-0.0
55.015550758424176,0.0,0.0,-0.2599999904632568,0.0799999982118606,0.0,0.0,0.0,0.0,-0.0
55.116258766236676,0.0,0.0,-0.2599999904632568,0.1400000005960464,0.0021816610824316,0.0,0.0,0.0,-0.0
55.21492209631486,0.0,0.0,-0.2599999904632568,0.050000000745058,0.0,0.0,0.0,0.0,-0.0
55.314989234986676,0.0,0.0,-0.25,0.1299999952316284,-0.0010908305412158,0.0,0.0,0.0,-0.0
55.414293434205426,0.0,0.0,-0.3300000131130218,0.1199999973177909,0.0021816610824316,0.0,0.0,0.0,-0.0
55.514024879517926,0.0,0.0,-0.449999988079071,0.0900000035762786,0.0,0.0,0.0,0.0,-0.0
55.61531272131486,0.0,0.0,-0.449999988079071,0.0399999991059303,0.0,0.0,0.0,0.0,-0.0
55.7141896744398,0.0,0.0,-0.449999988079071,0.050000000745058,-0.0010908305412158,0.0,0.0,0.0,-0.0
55.814561988892926,0.0,0.0,-0.4600000083446502,0.0399999991059303,-0.0010908305412158,0.0,0.0,0.0,-0.0
55.9169484635023,0.0,0.0,-0.3499999940395355,0.050000000745058,-0.0010908305412158,0.0,0.0,0.0,-0.0
56.0155812760023,0.0,0.0,-0.4399999976158142,0.0099999997764825,0.0,0.0,0.0,0.0,-0.0
56.114732887330426,0.0,0.0,-0.4699999988079071,0.0399999991059303,0.0,0.0,0.0,0.0,-0.0
56.21803488928355,0.0,0.0,-0.449999988079071,0.0199999995529651,0.0,0.0,0.0,0.0,-0.0
56.31599631506486,0.0,0.0,-0.3199999928474426,0.0399999991059303,-0.0032724919728934,0.0,0.0,0.0,-0.0
56.4158498306898,0.0,0.0,-0.2300000041723251,0.1000000014901161,-0.0010908305412158,0.0,0.0,0.0,-0.0
56.51814475256486,0.0,0.0,-0.2800000011920929,0.1400000005960464,0.0,0.0,0.0,0.0,-0.0
56.619920875611676,0.0,0.0,-0.2399999946355819,0.0900000035762786,0.0010908305412158,0.0,0.0,0.0,-0.0
56.71486106115855,0.0,0.0,-0.2599999904632568,0.1199999973177909,0.0010908305412158,0.0,0.0,0.0,-0.0
56.813707496705426,0.0,0.0,-0.3600000143051147,0.1199999973177909,0.0010908305412158,0.0,0.0,0.0,-0.0
56.913316871705426,0.0,0.0,-0.449999988079071,0.0799999982118606,0.0032724919728934,0.0,0.0,0.0,-0.0
57.014757301392926,0.0,0.0,-0.4799999892711639,0.0299999993294477,0.0,0.0,0.0,0.0,-0.0
57.11459671419773,0.0,0.0,-0.1199999973177909,0.050000000745058,-0.0032724919728934,0.0,0.0,0.0,-0.0
57.21304642122898,0.0,0.0,-0.1299999952316284,0.0599999986588954,0.0,0.0,0.0,0.0,-0.0
57.313235630213356,0.0,0.0,-0.1500000059604644,0.0299999993294477,-0.0010908305412158,0.0,0.0,0.0,-0.0
57.41226517122898,0.0,0.0,-0.1199999973177909,0.050000000745058,0.0010908305412158,0.0,0.0,0.0,-0.0
57.511844028650856,0.0,0.0,-0.2199999988079071,0.0599999986588954,0.0010908305412158,0.0,0.0,0.0,-0.0
57.613894809900856,0.0,0.0,-0.3100000023841858,-0.0199999995529651,0.0010908305412158,0.0,0.0,0.0,-0.0
57.71347366732279,0.0,0.0,-0.2399999946355819,0.0399999991059303,0.0010908305412158,0.0,0.0,0.0,-0.0
57.81332718294773,0.0,0.0,-0.3300000131130218,0.0099999997764825,-0.0010908305412158,0.0,0.0,0.0,-0.0
57.91403519076023,0.0,0.0,-0.3199999928474426,-0.0299999993294477,-0.0021816610824316,0.0,0.0,0.0,-0.0
58.01407181185398,0.0,0.0,-0.25,0.0,0.0,0.0,0.0,0.0,-0.0
58.112979282557106,0.0,0.0,-0.1400000005960464,0.0299999993294477,-0.0043633221648633,0.0,0.0,0.0,-0.0
58.21304642122898,0.0,0.0,-0.2199999988079071,-0.0199999995529651,0.0010908305412158,0.0,0.0,0.0,-0.0
58.31332718294773,0.0,0.0,-0.1500000059604644,0.0099999997764825,-0.0010908305412158,0.0,0.0,0.0,-0.0
58.41305862826023,0.0,0.0,-0.1199999973177909,0.0399999991059303,0.0021816610824316,0.0,0.0,0.0,-0.0
58.50918899935398,0.0,0.0,-0.1599999964237213,0.0799999982118606,0.0,0.0,1.0,-0.0,-0.0
58.608462680994606,0.0,0.0,-0.270000010728836,0.0199999995529651,0.0,0.0,1.0,-0.0,-0.0
58.709048618494606,0.0,0.0,-0.1700000017881393,0.0799999982118606,-0.0021816610824316,0.0,1.0,-0.0,-0.0
58.808474888025856,0.0,0.0,-0.2800000011920929,0.0099999997764825,0.0,0.0,1.0,0.0478436276316642,-0.0
58.909182895838356,0.0,0.0,-0.3300000131130218,-0.0199999995529651,0.0,0.0,1.0,0.2899999916553497,-0.0
59.011905063807106,0.0,0.0,1.5700000524520874,0.7900000214576721,-0.0403607301414012,0.041270799934864,1.0,0.2899999916553497,-0.0
59.111026157557106,0.0,0.0,1.6399999856948853,-0.949999988079071,-0.0239982716739177,0.2476247996091842,1.0,0.2899999916553497,-0.0
59.214602817713356,0.0,0.0,1.0299999713897705,1.3799999952316284,0.1603520959615707,0.3301663994789123,1.0,0.2899999916553497,-0.0
59.31155716341648,0.0,0.0,0.9399999976158142,-2.4600000381469727,-0.0599956810474395,0.4127079844474792,1.0,0.2899999916553497,-0.0
59.411746372400856,0.0,0.0,0.4300000071525574,-1.5800000429153442,0.0032724919728934,0.5365204215049744,1.0,0.2899999916553497,-0.0
59.51193558138529,0.0,0.0,-1.340000033378601,0.9200000166893004,0.0818122923374176,0.5777912139892578,1.0,0.2899999916553497,-0.0
59.611270298182106,0.0,0.0,2.720000028610229,1.8899999856948853,-0.0632681772112846,0.7016035914421082,1.0,0.2899999916553497,-0.0
59.71316849154148,0.0,0.0,1.0299999713897705,-1.1399999856948853,0.0774489715695381,0.7428743839263916,1.0,0.2899999916553497,-0.0
59.810244907557106,0.0,0.0,2.309999942779541,0.800000011920929,-0.0610865131020545,0.8254159688949585,1.0,0.2899999916553497,-0.0
59.913638462244606,0.0,0.0,0.2000000029802322,0.4199999868869781,0.0250891037285327,0.8254159688949585,1.0,0.2899999916553497,-0.0
60.00796829622898,0.0,0.0,-1.2400000095367432,-2.119999885559082,-0.0021816610824316,0.9492284059524536,1.0,0.2899999916553497,-0.0
60.110415805994606,0.0,0.0,-1.0499999523162842,2.0299999713897705,-0.0076358141377568,0.9492284059524536,1.0,0.2899999916553497,-0.0
60.20755325716648,0.0,0.0,-2.109999895095825,2.130000114440918,0.0698131546378135,1.0317699909210205,1.0,0.2899999916553497,-0.0
60.30954300326023,0.0,0.0,-1.309999942779541,-1.309999942779541,0.0523598715662956,1.1143115758895874,1.0,0.2899999916553497,-0.0
60.41061722201029,0.0,0.0,0.0399999991059303,1.9800000190734863,-0.0370882414281368,1.0730408430099487,1.0,0.2899999916553497,-0.0
60.509341587244606,0.0,0.0,0.3400000035762787,-0.1700000017881393,-0.1199913620948791,1.1555824279785156,1.0,0.2899999916553497,-0.0
60.60898147982279,0.0,0.0,-5.03000020980835,2.140000104904175,0.032724916934967,1.1968531608581543,1.0,0.2899999916553497,-0.0
60.710086216150856,0.0,0.0,4.059999942779541,-1.6399999856948853,0.1658062487840652,1.1968531608581543,1.0,0.2899999916553497,-0.0
60.807925571619606,0.0,0.0,-1.4800000190734863,-1.5700000524520874,0.0316340886056423,1.2381240129470823,1.0,0.2899999916553497,-0.0
60.90756546419773,0.0,0.0,-2.6600000858306885,-1.7400000095367432,-0.0938114300370216,1.2793947458267212,1.0,0.2899999916553497,-0.0
61.00748001497898,0.0,0.0,-1.2400000095367432,3.190000057220459,-0.0283615961670875,1.2381240129470823,1.0,0.2899999916553497,-0.0
61.106509555994606,0.0,0.0,-1.899999976158142,-0.0799999982118606,-0.0785398036241531,1.2793947458267212,1.0,0.2899999916553497,-0.0
61.204959263025856,0.0,0.0,-1.3899999856948853,-3.650000095367432,-0.1548979431390762,1.3206655979156494,1.0,0.2899999916553497,-0.0
61.30612503451029,0.0,0.0,-3.200000047683716,-1.1399999856948853,-0.1069013923406601,1.3206655979156494,1.0,0.2899999916553497,-0.0
61.40341507357279,0.0,0.0,-3.849999904632568,4.980000019073486,0.075267307460308,1.3619364500045776,1.0,0.2899999916553497,-0.0
61.50412308138529,0.0,0.0,-3.2300000190734863,3.509999990463257,0.0905389338731765,1.3619364500045776,1.0,0.2899999916553497,-0.0
61.603396763025856,0.0,0.0,5.769999980926514,0.5099999904632568,0.1527162790298462,1.4032071828842163,1.0,0.2899999916553497,-0.0
61.704348911463356,0.0,0.0,6.349999904632568,-1.600000023841858,0.1308996677398681,1.4032071828842163,1.0,0.2899999916553497,-0.0
61.809573520838356,0.0,0.0,7.96999979019165,-2.309999942779541,-0.0076358141377568,1.4032071828842163,1.0,0.2899999916553497,-0.0
61.906802524744606,0.0,0.0,3.9600000381469727,-1.850000023841858,-0.0512690357863903,1.4032071828842163,1.0,0.2899999916553497,-0.0
62.00790726107279,0.0,0.0,3.150000095367432,-2.130000114440918,-0.0741764828562736,1.4444780349731443,1.0,0.2899999916553497,-0.0
62.10611282747898,0.0,0.0,-1.5399999618530271,-3.910000085830689,-0.1603520959615707,1.4032071828842163,1.0,0.2899999916553497,-0.0
62.20700394076023,0.0,0.0,-0.9900000095367432,-1.4900000095367432,-0.1101738810539245,1.4444780349731443,1.0,0.2899999916553497,-0.0
62.308719028650856,0.0,0.0,-3.3499999046325684,-3.0999999046325684,-0.1221730262041091,1.4032071828842163,1.0,0.2899999916553497,-0.0
62.40628372591648,0.0,0.0,-0.270000010728836,-0.1199999973177909,-0.1625337600708007,1.4444780349731443,1.0,0.2899999916553497,-0.0
62.507205356775856,0.0,0.0,0.1700000017881393,0.5400000214576721,-0.1396263092756271,1.4444780349731443,1.0,0.2899999916553497,-0.0
62.610720981775856,0.0,0.0,-0.5400000214576721,-0.5099999904632568,-0.1047197431325912,1.4444780349731443,1.0,0.2899999916553497,-0.0
62.703433384119606,0.0,0.0,1.0800000429153442,-1.2400000095367432,-0.1003564149141311,1.4444780349731443,1.0,0.2899999916553497,-0.0
62.80331741732279,0.0,0.0,2.0299999713897705,-1.6100000143051147,-0.1330813318490982,1.4444780349731443,1.0,0.2899999916553497,-0.0
62.90573440951029,0.0,0.0,0.6200000047683716,2.7799999713897705,-0.1090830639004707,1.4444780349731443,1.0,0.2899999916553497,-0.0
63.00296341341648,0.0,0.0,2.6700000762939453,1.190000057220459,-0.0829031243920326,1.4444780349731443,1.0,0.2899999916553497,-0.0
63.10574661654148,0.0,0.0,1.2799999713897705,0.5099999904632568,-0.086175613105297,1.4444780349731443,1.0,0.2899999916553497,-0.0
63.204348911463356,0.0,0.0,0.7799999713897705,1.5299999713897705,-0.105810560286045,1.4444780349731443,1.0,0.2899999916553497,-0.0
63.305850376307106,0.0,0.0,2.2300000190734863,0.9800000190734864,-0.0927205979824066,1.4444780349731443,1.0,0.2899999916553497,-0.0
63.40506302279148,0.0,0.0,3.740000009536743,2.75,-0.0992655828595161,1.4444780349731443,1.0,0.2899999916553497,-0.0
63.504092563807106,0.0,0.0,3.680000066757202,3.2300000190734863,-0.0883572697639465,1.4444780349731443,1.0,0.2899999916553497,-0.0
63.603824009119606,0.0,0.0,0.2000000029802322,1.25,-0.1101738810539245,1.4857487678527832,1.0,0.2899999916553497,-0.0
63.70132767122898,0.0,0.0,3.0799999237060547,-0.1199999973177909,-0.0698131546378135,1.4857487678527832,1.0,0.2899999916553497,-0.0
63.80301224154148,0.0,0.0,3.4100000858306885,-1.7799999713897705,-0.0970839187502861,1.4444780349731443,1.0,0.2899999916553497,-0.0
63.903628696619606,0.0,0.0,3.7200000286102295,3.1600000858306885,-0.0872664451599121,1.4444780349731443,1.0,0.2899999916553497,-0.0
64.00317703646336,0.0,0.0,2.0799999237060547,1.75,-0.0698131546378135,1.4857487678527832,1.0,0.2899999916553497,-0.0
64.09903274935398,0.0,0.0,1.909999966621399,-1.059999942779541,-0.0719948187470436,1.4444780349731443,1.0,0.2899999916553497,-0.0
64.19861160677586,0.0,0.0,4.28000020980835,-2.259999990463257,-0.073085643351078,1.4857487678527832,1.0,0.2899999916553497,-0.0
64.30118118685398,0.0,0.0,2.0199999809265137,-1.6799999475479126,-0.0894481092691421,1.4444780349731443,1.0,0.2899999916553497,-0.0
64.4010652200571,0.0,0.0,1.5,0.8799999952316284,-0.0774489715695381,1.4857487678527832,1.0,0.2899999916553497,-0.0
64.4999421731821,0.0,0.0,1.809999942779541,-0.8999999761581421,-0.0829031243920326,1.4857487678527832,1.0,0.2899999916553497,-0.0
64.60098587435398,0.0,0.0,2.0,-1.649999976158142,-0.0414515621960163,1.4444780349731443,1.0,0.2899999916553497,-0.0
64.70019852083836,0.0,0.0,0.699999988079071,-2.1600000858306885,-0.0665406659245491,1.4857487678527832,1.0,0.2899999916553497,-0.0
64.80203567904148,0.0,0.0,-1.909999966621399,-0.2899999916553497,-0.0589048527181148,1.4857487678527832,1.0,-0.0,-0.0
64.90372024935398,0.0,0.0,1.3600000143051147,-0.0199999995529651,-0.0872664451599121,1.3619364500045776,1.0,-0.0,-0.0
65.00110184115086,0.0,0.0,1.25,0.8999999761581421,-0.0872664451599121,1.2381240129470823,1.0,-0.0,-0.0
65.1002839700571,0.0,0.0,0.3300000131130218,-1.5,-0.1559887677431106,1.1555824279785156,1.0,-0.0,-0.0
65.20096146029148,0.0,0.0,-3.2699999809265137,4.860000133514404,0.0698131546378135,1.0317699909210205,1.0,-0.0,-0.0
65.30032669466648,0.0,0.0,-2.490000009536743,-1.1399999856948853,-0.0392699018120765,0.9079576134681702,1.0,-0.0,-0.0
65.40097366732279,0.0,0.0,-0.5600000023841858,-2.740000009536743,-0.05345069617033,0.784145176410675,1.0,-0.0,-0.0
65.49646316927586,0.0,0.0,-0.4399999976158142,-0.5,-0.0490873754024505,0.7016035914421082,1.0,-0.0,-0.0
65.59689651888529,0.0,0.0,-0.7099999785423279,-1.7200000286102295,-0.0556323565542697,0.5777912139892578,1.0,-0.0,-0.0
65.6986726419321,0.0,0.0,0.2599999904632568,0.8799999952316284,0.0403607301414012,0.4952495992183685,1.0,-0.0,-0.0
65.79577957552586,0.0,0.0,-2.009999990463257,-0.5199999809265137,0.0359974093735218,0.3714371919631958,1.0,-0.0,-0.0
65.89731155794773,0.0,0.0,-1.909999966621399,1.5800000429153442,-0.0458148829638958,0.3301663994789123,1.0,-0.0,-0.0
65.99853836458836,0.0,0.0,-1.1399999856948853,-0.3300000131130218,-0.0523598715662956,0.1650831997394561,1.0,-0.0,-0.0
66.0984529153696,0.0,0.0,-2.190000057220459,-0.1400000005960464,-0.0141807980835437,0.1238123998045921,1.0,-0.0,-0.0
66.19888626497898,0.0,0.0,-1.149999976158142,-0.1299999952316284,-0.0032724919728934,0.041270799934864,1.0,-0.0,-0.0
66.29892288607279,0.0,0.0,-0.6800000071525574,-0.1000000014901161,-0.0021816610824316,0.0,0.0,0.0,-0.0
66.40005813997898,0.0,0.0,-0.3400000035762787,0.0199999995529651,0.0,0.0,0.0,0.0,-0.0
66.49942337435398,0.0,0.0,-0.3199999928474426,0.0299999993294477,-0.0021816610824316,0.0,0.0,0.0,-0.0
66.6001618997446,0.0,0.0,-0.270000010728836,0.0700000002980232,0.0,0.0,0.0,0.0,-0.0
66.69913040560398,0.0,0.0,-0.3000000119209289,0.0799999982118606,-0.0021816610824316,0.0,0.0,0.0,-0.0
66.79883133333836,0.0,0.0,-0.2399999946355819,0.1099999994039535,0.0043633221648633,0.0,0.0,0.0,-0.0
66.89474808138529,0.0,0.0,-0.2800000011920929,0.0799999982118606,0.0,0.0,0.0,0.0,-0.0
66.99936233919773,0.0,0.0,-0.4099999964237213,0.0399999991059303,-0.0010908305412158,0.0,0.0,0.0,-0.0
67.09811722201029,0.0,0.0,-0.4900000095367431,0.0199999995529651,0.0,0.0,0.0,0.0,-0.0
67.19369827669773,0.0,0.0,-0.449999988079071,0.0299999993294477,0.0,0.0,0.0,0.0,-0.0
67.29516922396336,0.0,0.0,-0.4600000083446502,0.0,0.0010908305412158,0.0,0.0,0.0,-0.0
67.3975251809946,0.0,0.0,-0.3700000047683716,0.0,-0.0010908305412158,0.0,0.0,0.0,-0.0
67.49649368685398,0.0,0.0,-0.270000010728836,0.1000000014901161,0.0021816610824316,0.0,0.0,0.0,-0.0
67.59707962435398,0.0,0.0,-0.25,0.0900000035762786,0.0,0.0,0.0,0.0,-0.0
67.69766556185398,0.0,0.0,-0.25,0.0799999982118606,-0.0032724919728934,0.0,0.0,0.0,-0.0
67.79544388216648,0.0,0.0,-0.2599999904632568,0.1099999994039535,-0.0010908305412158,0.0,0.0,0.0,-0.0
67.8958161966196,0.0,0.0,-0.3700000047683716,0.050000000745058,0.0021816610824316,0.0,0.0,0.0,-0.0
68.00113235872898,0.0,0.0,-0.4600000083446502,0.0099999997764825,0.0,0.0,0.0,0.0,-0.0
68.09704910677586,0.0,0.0,-0.4699999988079071,0.0,0.0,0.0,0.0,0.0,-0.0
68.19717728060398,0.0,0.0,-0.449999988079071,0.0,0.0021816610824316,0.0,0.0,0.0,-0.0
68.29385696810398,0.0,0.0,-0.4699999988079071,0.0,0.0010908305412158,0.0,0.0,0.0,-0.0
68.3949617044321,0.0,0.0,-0.3899999856948852,0.0199999995529651,-0.0032724919728934,0.0,0.0,0.0,-0.0
68.49325882357279,0.0,0.0,-0.4600000083446502,-0.0099999997764825,0.0043633221648633,0.0,0.0,0.0,-0.0
68.59305130404148,0.0,0.0,-0.4399999976158142,0.0099999997764825,0.0,0.0,0.0,0.0,-0.0
68.69470535677586,0.0,0.0,-0.449999988079071,0.0,0.0,0.0,0.0,0.0,-0.0
