elapsed time sensors,current,voltage,acc x (IMU),acc y (IMU),W (IMU),vel encoder,safety_value,throttle,steering,vicon time,vicon x,vicon y,vicon yaw
0.0,0.0,0.0,0.0,0.0,0.0,0.0,0.0,0.0,0.0,1727432099.8677115,-0.23433903604071077,-0.5559531395373944,-0.02686106548396242
0.0,0.0,0.0,0.0,0.0,0.0,0.0,0.0,0.0,0.0,1727432099.8775873,-0.23432934807444306,-0.5559606650241449,-0.026933961928801473
0.0,0.0,0.0,0.0,0.0,0.0,0.0,0.0,0.0,0.0,1727432099.8874032,-0.2343443281051561,-0.5559544144277556,-0.026850305162067267
0.0,0.0,0.0,0.0,0.0,0.0,0.0,0.0,0.0,0.0,1727432099.8976204,-0.2343435318234392,-0.5559537231143665,-0.026937955458047058
0.0,0.0,0.0,0.0,0.0,0.0,0.0,0.0,0.0,0.0,1727432099.9076118,-0.2343363709585952,-0.5559581702944326,-0.026901475048937307
0.0,0.0,0.0,0.0,0.0,0.0,0.0,0.0,0.0,0.0,1727432099.9176486,-0.23432755573519504,-0.5559589581505054,-0.026855606150255465
0.0,0.0,0.0,0.0,0.0,0.0,0.0,0.0,0.0,0.0,1727432099.9275885,-0.23432769719412805,-0.5559620433423945,-0.02686170699023834
0.0,0.0,0.0,0.0,0.0,0.0,0.0,0.0,0.0,0.0,1727432099.937611,-0.23433167941939964,-0.5559610258557349,-0.026859811188326088
0.0,0.0,0.0,0.0,0.0,0.0,0.0,0.0,0.0,0.0,1727432099.9475958,-0.23433384416681063,-0.5559587713493748,-0.02688246779462336
0.0,0.0,0.0,0.0,0.0,0.0,0.0,0.0,0.0,0.0,1727432099.9575331,-0.23433470388599018,-0.5559629060920968,-0.026746427616273095
0.0,0.0,0.0,0.0,0.0,0.0,0.0,0.0,0.0,0.0,1727432099.967681,-0.23433870463596063,-0.5559646826101228,-0.026909504510355474
0.0,0.0,0.0,0.0,0.0,0.0,0.0,0.0,0.0,0.0,1727432099.977502,-0.2343405026754683,-0.5559583266756633,-0.02688325756101633
0.0,0.0,0.0,0.0,0.0,0.0,0.0,0.0,0.0,0.0,1727432099.9876144,-0.23434109860441324,-0.5559656530914578,-0.026968105297460427
0.0,0.0,0.0,0.0,0.0,0.0,0.0,0.0,0.0,0.0,1727432099.9977582,-0.2343296582862568,-0.5559663956374322,-0.026870941364867715
0.0,0.0,0.0,0.0,0.0,0.0,0.0,0.0,0.0,0.0,1727432100.0075395,-0.23433023343143894,-0.5559667975099875,-0.02685046513254463
0.0,0.0,0.0,0.0,0.0,0.0,0.0,0.0,0.0,0.0,1727432100.0176213,-0.2343374174364819,-0.5559630736259548,-0.026628854551291874
0.0,0.0,0.0,0.0,0.0,0.0,0.0,0.0,0.0,0.0,1727432100.0278409,-0.2343366326647308,-0.5559667361112955,-0.026849138306741516
0.0,0.0,0.0,0.0,0.0,0.0,0.0,0.0,0.0,0.0,1727432100.037614,-0.23433997637786888,-0.5559663512524783,-0.026819969205188705
0.0,0.0,0.0,0.0,0.0,0.0,0.0,0.0,0.0,0.0,1727432100.0476282,-0.2343353623491529,-0.5559639671256015,-0.026818337791624323
0.0,0.0,0.0,0.0,0.0,0.0,0.0,0.0,0.0,0.0,1727432100.0576549,-0.23432990495043254,-0.5559652977339244,-0.026849213617984605
0.0,0.0,0.0,0.0,0.0,0.0,0.0,0.0,0.0,0.0,1727432100.0675807,-0.23433134439970446,-0.5559586531559945,-0.026920451879444595
0.0,0.0,0.0,0.0,0.0,0.0,0.0,0.0,0.0,0.0,1727432100.07762,-0.23434644087192852,-0.5559657169938561,-0.02694615694826766
0.0,0.0,0.0,0.0,0.0,0.0,0.0,0.0,0.0,0.0,1727432100.0875235,-0.23434096399046553,-0.5559633031977529,-0.026847168343686466
0.0,0.0,0.0,0.0,0.0,0.0,0.0,0.0,0.0,0.0,1727432100.0977263,-0.23434092197869633,-0.555961537534725,-0.026992625031509822
0.0,0.0,0.0,0.0,0.0,0.0,0.0,0.0,0.0,0.0,1727432100.107542,-0.23432531284226335,-0.5559646805379391,-0.026827315364945956
0.0,0.0,0.0,0.0,0.0,0.0,0.0,0.0,0.0,0.0,1727432100.117558,-0.2343290476080529,-0.555967671619883,-0.026916969242807037
0.0,0.0,0.0,0.0,0.0,0.0,0.0,0.0,0.0,0.0,1727432100.1275835,-0.23431687816145583,-0.5559580512375287,-0.02694512919158946
0.0,0.0,0.0,0.0,0.0,0.0,0.0,0.0,0.0,0.0,1727432100.1375048,-0.23432854975967557,-0.555961324970095,-0.02689347761486792
0.0,0.0,0.0,0.0,0.0,0.0,0.0,0.0,0.0,0.0,1727432100.1476114,-0.23434509584210722,-0.5559587757847114,-0.02687834408446916
0.0,0.0,0.0,0.0,0.0,0.0,0.0,0.0,0.0,0.0,1727432100.157666,-0.23434560966663032,-0.5559699067007046,-0.026857002464149585
0.0,0.0,0.0,0.0,0.0,0.0,0.0,0.0,0.0,0.0,1727432100.1675818,-0.23434897740533445,-0.5559699560284133,-0.026751404232107423
0.0,0.0,0.0,0.0,0.0,0.0,0.0,0.0,0.0,0.0,1727432100.177727,-0.2343350576909041,-0.5559621397310794,-0.026850712443405835
0.0,0.0,0.0,0.0,0.0,0.0,0.0,0.0,0.0,0.0,1727432100.187688,-0.234333924496046,-0.5559640540607028,-0.02691157069355734
0.0,0.0,0.0,0.0,0.0,0.0,0.0,0.0,0.0,0.0,1727432100.1977313,-0.23432263835405331,-0.5559621929391775,-0.02680875499620374
0.0,0.0,0.0,0.0,0.0,0.0,0.0,0.0,0.0,0.0,1727432100.2070782,-0.2343314303246698,-0.5559677318336697,-0.026905733725953934
0.0,0.0,0.0,0.0,0.0,0.0,0.0,0.0,0.0,0.0,1727432100.2179663,-0.23433468201782084,-0.5559675524434023,-0.026772849427008777
0.0,0.0,0.0,0.0,0.0,0.0,0.0,0.0,0.0,0.0,1727432100.2276666,-0.23432975138662276,-0.5559684858075394,-0.02679648259357545
0.0,0.0,0.0,0.0,0.0,0.0,0.0,0.0,0.0,0.0,1727432100.2376342,-0.23433460297327363,-0.5559662501526035,-0.026875603383888592
0.0,0.0,0.0,0.0,0.0,0.0,0.0,0.0,0.0,0.0,1727432100.2476163,-0.23433280973898085,-0.5559677959211308,-0.02676486446029819
0.0,0.0,0.0,0.0,0.0,0.0,0.0,0.0,0.0,0.0,1727432100.2575192,-0.23432304354655242,-0.5559632177258851,-0.026852832062933967
0.0,0.0,0.0,0.0,0.0,0.0,0.0,0.0,0.0,0.0,1727432100.2675698,-0.23433136145180763,-0.5559590396167837,-0.026879959356516714
0.0,0.0,0.0,0.0,0.0,0.0,0.0,0.0,0.0,0.0,1727432100.2776697,-0.23432399905275728,-0.5559709031062633,-0.026895031706163555
0.0,0.0,0.0,0.0,0.0,0.0,0.0,0.0,0.0,0.0,1727432100.2877297,-0.23433671294004002,-0.5559563218843703,-0.027009681507096477
0.0,0.0,0.0,0.0,0.0,0.0,0.0,0.0,0.0,0.0,1727432100.2976656,-0.23434640091974962,-0.5559625785195589,-0.026834258025568526
0.0,0.0,0.0,0.0,0.0,0.0,0.0,0.0,0.0,0.0,1727432100.3076196,-0.23433870548606212,-0.5559667604358897,-0.026822230122595093
0.0,0.0,0.0,0.0,0.0,0.0,0.0,0.0,0.0,0.0,1727432100.3177688,-0.23433105193998127,-0.5559648890086717,-0.026996739260994145
0.0,0.0,0.0,0.0,0.0,0.0,0.0,0.0,0.0,0.0,1727432100.327627,-0.23433951418821303,-0.555962100963495,-0.02679347397722807
0.0,0.0,0.0,0.0,0.0,0.0,0.0,0.0,0.0,0.0,1727432100.3375523,-0.23433973485396373,-0.5559640454824825,-0.026843336451333712
0.0,0.0,0.0,0.0,0.0,0.0,0.0,0.0,0.0,0.0,1727432100.3476715,-0.23433063693952105,-0.5559624234258111,-0.026882056502304626
0.0,0.0,0.0,0.0,0.0,0.0,0.0,0.0,0.0,0.0,1727432100.3575563,-0.23433162466120297,-0.5559503461629476,-0.026873658015302827
0.0,0.0,0.0,0.0,0.0,0.0,0.0,0.0,0.0,0.0,1727432100.3679593,-0.23433255729699504,-0.5559628680262932,-0.0269055375654697
0.0,0.0,0.0,0.0,0.0,0.0,0.0,0.0,0.0,0.0,1727432100.3772573,-0.23433479090983103,-0.5559655223070754,-0.026865796225635594
0.0,0.0,0.0,0.0,0.0,0.0,0.0,0.0,0.0,0.0,1727432100.3873239,-0.23432820375455052,-0.5559689305410398,-0.026910466598770937
0.0,0.0,0.0,0.0,0.0,0.0,0.0,0.0,0.0,0.0,1727432100.3977199,-0.23433219103677627,-0.5559691792366227,-0.026921786350233918
0.0,0.0,0.0,0.0,0.0,0.0,0.0,0.0,0.0,0.0,1727432100.4072707,-0.23434045804014314,-0.5559593806327405,-0.026968656987997372
0.0,0.0,0.0,0.0,0.0,0.0,0.0,0.0,0.0,0.0,1727432100.41753,-0.2343376041912121,-0.5559630542046706,-0.02681264436554441
0.0,0.0,0.0,0.0,0.0,0.0,0.0,0.0,0.0,0.0,1727432100.4274905,-0.2343426032965364,-0.5559591280826441,-0.026912917617139577
0.0,0.0,0.0,0.0,0.0,0.0,0.0,0.0,0.0,0.0,1727432100.4373345,-0.23434894453836494,-0.555961412276925,-0.026932263982763556
0.0,0.0,0.0,0.0,0.0,0.0,0.0,0.0,0.0,0.0,1727432100.4472713,-0.23434612407151012,-0.555954523088953,-0.02696773832866311
0.0,0.0,0.0,0.0,0.0,0.0,0.0,0.0,0.0,0.0,1727432100.4575794,-0.2343380640009465,-0.5559525712371605,-0.026914514268570028
0.0,0.0,0.0,0.0,0.0,0.0,0.0,0.0,0.0,0.0,1727432100.4672546,-0.23434182212673896,-0.5559650622841581,-0.026798738916890507
0.0,0.0,0.0,0.0,0.0,0.0,0.0,0.0,0.0,0.0,1727432100.4778166,-0.23433359898684625,-0.5559600254381317,-0.026948495948502297
0.0,0.0,0.0,0.0,0.0,0.0,0.0,0.0,0.0,0.0,1727432100.4871912,-0.23433540314945409,-0.5559569701704782,-0.026851413828016504
0.0,0.0,0.0,0.0,0.0,0.0,0.0,0.0,0.0,0.0,1727432100.4975274,-0.2343434964897544,-0.5559680843771608,-0.02683960531895752
0.0,0.0,0.0,0.0,0.0,0.0,0.0,0.0,0.0,0.0,1727432100.5078344,-0.2343321529824314,-0.5559532112210517,-0.026892331176310732
0.0,0.0,0.0,0.0,0.0,0.0,0.0,0.0,0.0,0.0,1727432100.51756,-0.23434190379925796,-0.5559617395915688,-0.026874035140374977
0.0,0.0,0.0,0.0,0.0,0.0,0.0,0.0,0.0,0.0,1727432100.5272863,-0.2343349790980674,-0.5559631651393874,-0.026805844830081842
0.0,0.0,0.0,0.0,0.0,0.0,0.0,0.0,0.0,0.0,1727432100.53728,-0.23433502582164797,-0.555964709491068,-0.02685792157976967
0.0,0.0,0.0,0.0,0.0,0.0,0.0,0.0,0.0,0.0,1727432100.5472782,-0.2343456846724525,-0.555956427239945,-0.026831973909811648
0.0,0.0,0.0,0.0,0.0,0.0,0.0,0.0,0.0,0.0,1727432100.5575523,-0.234338024103727,-0.5559616347351354,-0.026731904715564546
0.0,0.0,0.0,0.0,0.0,0.0,0.0,0.0,0.0,0.0,1727432100.5676014,-0.23434602857269732,-0.555961925970683,-0.02699138771500212
0.0,0.0,0.0,0.0,0.0,0.0,0.0,0.0,0.0,0.0,1727432100.5778122,-0.2343429839666297,-0.5559617284245061,-0.027009949519725136
0.0,0.0,0.0,0.0,0.0,0.0,0.0,0.0,0.0,0.0,1727432100.587711,-0.23433724818845067,-0.5559624810925548,-0.026901742801535705
0.0,0.0,0.0,0.0,0.0,0.0,0.0,0.0,0.0,0.0,1727432100.5978203,-0.23433145533842714,-0.5559528010694035,-0.026842649830121964
0.0,0.0,0.0,0.0,0.0,0.0,0.0,0.0,0.0,0.0,1727432100.6075706,-0.23433703996335947,-0.5559501991082139,-0.02701590107800149
0.0,0.0,0.0,0.0,0.0,0.0,0.0,0.0,0.0,0.0,1727432100.617745,-0.23433349355589422,-0.5559568994345068,-0.026846281612682252
0.0,0.0,0.0,0.0,0.0,0.0,0.0,0.0,0.0,0.0,1727432100.6276035,-0.23433781630950515,-0.5559543124107513,-0.02689635656727307
0.0,0.0,0.0,0.0,0.0,0.0,0.0,0.0,0.0,0.0,1727432100.6375542,-0.23433871562226566,-0.5559594525041098,-0.026885145737172985
0.0,0.0,0.0,0.0,0.0,0.0,0.0,0.0,0.0,0.0,1727432100.6478858,-0.23433950391443595,-0.5559679212369474,-0.026928184450098543
0.0,0.0,0.0,0.0,0.0,0.0,0.0,0.0,0.0,0.0,1727432100.657559,-0.23433469436316653,-0.5559519982322098,-0.026848948442640328
0.0,0.0,0.0,0.0,0.0,0.0,0.0,0.0,0.0,0.0,1727432100.66745,-0.23433252891089348,-0.5559543159616398,-0.026943929939873414
0.0,0.0,0.0,0.0,0.0,0.0,0.0,0.0,0.0,0.0,1727432100.6774516,-0.2343365783146176,-0.5559669370611964,-0.026975508040058268
0.0,0.0,0.0,0.0,0.0,0.0,0.0,0.0,0.0,0.0,1727432100.6874719,-0.23434051246922727,-0.5559625439637693,-0.027011979350161378
0.0,0.0,0.0,0.0,0.0,0.0,0.0,0.0,0.0,0.0,1727432100.697974,-0.23433948257869516,-0.5559630035293875,-0.02702571876825267
0.0,0.0,0.0,0.0,0.0,0.0,0.0,0.0,0.0,0.0,1727432100.7073154,-0.23433383171583475,-0.5559681607592527,-0.026883637650144693
0.0,0.0,0.0,0.0,0.0,0.0,0.0,0.0,0.0,0.0,1727432100.7176766,-0.23433696533598858,-0.5559613200519713,-0.02694371842213594
0.0,0.0,0.0,0.0,0.0,0.0,0.0,0.0,0.0,0.0,1727432100.727438,-0.23434057832627475,-0.5559632003700172,-0.026790199445582443
0.0,0.0,0.0,0.0,0.0,0.0,0.0,0.0,0.0,0.0,1727432100.7372932,-0.23435090947675558,-0.5559601469038246,-0.02681929949354696
0.0,0.0,0.0,0.0,0.0,0.0,0.0,0.0,0.0,0.0,1727432100.7471888,-0.23432340005340854,-0.5559700424275111,-0.026837041570093787
0.0,0.0,0.0,0.0,0.0,0.0,0.0,0.0,0.0,0.0,1727432100.757426,-0.23433018211990958,-0.555968583028253,-0.026802674680361356
0.0,0.0,0.0,0.0,0.0,0.0,0.0,0.0,0.0,0.0,1727432100.767439,-0.23433245273375675,-0.5559651526154734,-0.02681520097340172
0.0,0.0,0.0,0.0,0.0,0.0,0.0,0.0,0.0,0.0,1727432100.7772274,-0.23434140400853523,-0.5559628349155503,-0.026842803147954793
0.0,0.0,0.0,0.0,0.0,0.0,0.0,0.0,0.0,0.0,1727432100.7873976,-0.23434085386678993,-0.5559682621972244,-0.02692898602992038
0.0,0.0,0.0,0.0,0.0,0.0,0.0,0.0,0.0,0.0,1727432100.7978306,-0.23432444131232652,-0.555969634393556,-0.02681052726704092
0.0,0.0,0.0,0.0,0.0,0.0,0.0,0.0,0.0,0.0,1727432100.807457,-0.23433041171048918,-0.5559650894098183,-0.026797028549781797
0.0,0.0,0.0,0.0,0.0,0.0,0.0,0.0,0.0,0.0,1727432100.8174434,-0.2343363197523008,-0.555968064771702,-0.02693876914150142
0.0,0.0,0.0,0.0,0.0,0.0,0.0,0.0,0.0,0.0,1727432100.8275554,-0.2343303822772684,-0.555962808369872,-0.02668383612368793
0.0,0.0,0.0,0.0,0.0,0.0,0.0,0.0,0.0,0.0,1727432100.8374076,-0.2343392118215798,-0.5559554220231295,-0.026924629211235052
0.0,0.0,0.0,0.0,0.0,0.0,0.0,0.0,0.0,0.0,1727432100.8479683,-0.23433721645745367,-0.5559631719190373,-0.026873231590794577
0.0,0.0,0.0,0.0,0.0,0.0,0.0,0.0,0.0,0.0,1727432100.8575282,-0.23434853395431773,-0.5559690624307628,-0.02692320355287486
0.0,0.0,0.0,0.0,0.0,0.0,0.0,0.0,0.0,0.0,1727432100.8677673,-0.2343365343950415,-0.5559682920266662,-0.02682334435321195
0.0,0.0,0.0,0.0,0.0,0.0,0.0,0.0,0.0,0.0,1727432100.877738,-0.2343367265329192,-0.5559723356950673,-0.026851105508245474
0.0,0.0,0.0,0.0,0.0,0.0,0.0,0.0,0.0,0.0,1727432100.8874538,-0.2343361358158486,-0.5559653794766544,-0.0268893609705513
0.0,0.0,0.0,0.0,0.0,0.0,0.0,0.0,0.0,0.0,1727432100.897665,-0.23433191926585759,-0.5559783965856618,-0.026712245489570657
0.0,0.0,0.0,0.0,0.0,0.0,0.0,0.0,0.0,0.0,1727432100.907659,-0.23433285295234033,-0.5559627622483188,-0.026796199917095625
0.0,0.0,0.0,0.0,0.0,0.0,0.0,0.0,0.0,0.0,1727432100.9177446,-0.234327850841703,-0.5559621024137805,-0.026839798997063565
0.0,0.0,0.0,0.0,0.0,0.0,0.0,0.0,0.0,0.0,1727432100.9278405,-0.2343344304582111,-0.5559712685567886,-0.026863382376438188
0.0,0.0,0.0,0.0,0.0,0.0,0.0,0.0,0.0,0.0,1727432100.9376764,-0.23433690747440836,-0.5559626786911431,-0.02689364036519391
0.0,0.0,0.0,0.0,0.0,0.0,0.0,0.0,0.0,0.0,1727432100.9477,-0.23433529852945667,-0.5559561718196374,-0.02693855179334526
0.0,0.0,0.0,0.0,0.0,0.0,0.0,0.0,0.0,0.0,1727432100.9576862,-0.23433970471268384,-0.5559619741958516,-0.026975691138991082
0.0,0.0,0.0,0.0,0.0,0.0,0.0,0.0,0.0,0.0,1727432100.9676192,-0.2343352656701925,-0.5559548972841868,-0.02687412278148543
0.0,0.0,0.0,0.0,0.0,0.0,0.0,0.0,0.0,0.0,1727432100.9777126,-0.234333682794656,-0.5559600393037301,-0.026858651559901293
0.0,0.0,0.0,0.0,0.0,0.0,0.0,0.0,0.0,0.0,1727432100.9876032,-0.23433026886294325,-0.5559626568906788,-0.02692197029929269
0.0,0.0,0.0,0.0,0.0,0.0,0.0,0.0,0.0,0.0,1727432100.9973443,-0.2343203873328018,-0.5559631564724752,-0.026845137224112685
0.0,0.0,0.0,0.0,0.0,0.0,0.0,0.0,0.0,0.0,1727432101.007695,-0.23433969284058528,-0.5559507774758208,-0.026974423839140556
0.0,0.0,0.0,0.0,0.0,0.0,0.0,0.0,0.0,0.0,1727432101.0176437,-0.23433992302233642,-0.555952191458211,-0.02696184480452317
0.0,0.0,0.0,0.0,0.0,0.0,0.0,0.0,0.0,0.0,1727432101.0275931,-0.234330079613988,-0.5559568469373158,-0.026953445092245218
0.0,0.0,0.0,0.0,0.0,0.0,0.0,0.0,0.0,0.0,1727432101.0376368,-0.23434169218312745,-0.5559597054745538,-0.02688469251340592
0.0,0.0,0.0,0.0,0.0,0.0,0.0,0.0,0.0,0.0,1727432101.0477808,-0.23433443841488338,-0.5559518895990914,-0.0269326930167044
0.0,0.0,0.0,0.0,0.0,0.0,0.0,0.0,0.0,0.0,1727432101.0576043,-0.23433767768013006,-0.5559626331016353,-0.0269139004605191
0.0,0.0,0.0,0.0,0.0,0.0,0.0,0.0,0.0,0.0,1727432101.067608,-0.23433448378475719,-0.5559541412972975,-0.026880966340413103
0.0,0.0,0.0,0.0,0.0,0.0,0.0,0.0,0.0,0.0,1727432101.0775898,-0.23434597774680313,-0.5559554669948813,-0.026927074543326324
0.0,0.0,0.0,0.0,0.0,0.0,0.0,0.0,0.0,0.0,1727432101.0875804,-0.2343339586079153,-0.5559645679821633,-0.026921542471076268
0.0,0.0,0.0,0.0,0.0,0.0,0.0,0.0,0.0,0.0,1727432101.0976267,-0.23433692265947803,-0.5559558563155791,-0.026974055299913893
0.0,0.0,0.0,0.0,0.0,0.0,0.0,0.0,0.0,0.0,1727432101.1075273,-0.23434885743356113,-0.5559584033819275,-0.02682003608397867
0.0,0.0,0.0,0.0,0.0,0.0,0.0,0.0,0.0,0.0,1727432101.117691,-0.23434090312071593,-0.5559614907477779,-0.02674917219133999
0.0,0.0,0.0,0.0,0.0,0.0,0.0,0.0,0.0,0.0,1727432101.127597,-0.23432647849619997,-0.5559616755724449,-0.026906606836720855
0.0,0.0,0.0,0.0,0.0,0.0,0.0,0.0,0.0,0.0,1727432101.1376054,-0.23432988157170265,-0.5559492466596554,-0.026759230236436678
0.0,0.0,0.0,0.0,0.0,0.0,0.0,0.0,0.0,0.0,1727432101.147698,-0.23434230039831727,-0.5559550474156787,-0.026919162011043166
0.0,0.0,0.0,0.0,0.0,0.0,0.0,0.0,0.0,0.0,1727432101.1575625,-0.23433734364715464,-0.5559646568074509,-0.02686517578975701
0.0,0.0,0.0,0.0,0.0,0.0,0.0,0.0,0.0,0.0,1727432101.167641,-0.2343434764344908,-0.5559490631943537,-0.026872233947466125
0.0,0.0,0.0,0.0,0.0,0.0,0.0,0.0,0.0,0.0,1727432101.1775339,-0.23433583520594914,-0.5559669287364705,-0.026821947303387005
0.0,0.0,0.0,0.0,0.0,0.0,0.0,0.0,0.0,0.0,1727432101.1874993,-0.23434719294335649,-0.5559602680573082,-0.02683306678285415
0.0,0.0,0.0,0.0,0.0,0.0,0.0,0.0,0.0,0.0,1727432101.1978018,-0.23433547736120383,-0.5559549462976096,-0.026765094395834216
0.0,0.0,0.0,0.0,0.0,0.0,0.0,0.0,0.0,0.0,1727432101.2076027,-0.23435166884671912,-0.5559478084972793,-0.026815769372102102
0.0,0.0,0.0,0.0,0.0,0.0,0.0,0.0,0.0,0.0,1727432101.2178278,-0.2343483663126017,-0.5559621257105175,-0.026791890024868058
0.0,0.0,0.0,0.0,0.0,0.0,0.0,0.0,0.0,0.0,1727432101.2275968,-0.2343376577261089,-0.5559578062319854,-0.026935342344917384
0.0,0.0,0.0,0.0,0.0,0.0,0.0,0.0,0.0,0.0,1727432101.2376819,-0.23432725169071505,-0.5559589450464537,-0.02683601934427474
0.0,0.0,0.0,0.0,0.0,0.0,0.0,0.0,0.0,0.0,1727432101.2478192,-0.2343375548440299,-0.5559571941001463,-0.026769068851972524
0.0,0.0,0.0,0.0,0.0,0.0,0.0,0.0,0.0,0.0,1727432101.2575693,-0.2343465210598367,-0.55596209871924,-0.027005590221176167
0.0,0.0,0.0,0.0,0.0,0.0,0.0,0.0,0.0,0.0,1727432101.2676363,-0.23433002290333677,-0.5559556925239213,-0.02682532144081302
0.0,0.0,0.0,0.0,0.0,0.0,0.0,0.0,0.0,0.0,1727432101.2776988,-0.23433808825627508,-0.5559588241950155,-0.02704777470599263
0.0,0.0,0.0,0.0,0.0,0.0,0.0,0.0,0.0,0.0,1727432101.2876396,-0.23432893124046403,-0.5559637249469137,-0.02684286844526998
0.0,0.0,0.0,0.0,0.0,0.0,0.0,0.0,0.0,0.0,1727432101.297628,-0.2343354136633563,-0.5559595013216752,-0.02692138233594636
0.0,0.0,0.0,0.0,0.0,0.0,0.0,0.0,0.0,0.0,1727432101.3076262,-0.23433611296369064,-0.5559598588969261,-0.026822235571629945
0.0,0.0,0.0,0.0,0.0,0.0,0.0,0.0,0.0,0.0,1727432101.317749,-0.2343450298483778,-0.5559609772665102,-0.02677159313317013
0.0,0.0,0.0,0.0,0.0,0.0,0.0,0.0,0.0,0.0,1727432101.3272874,-0.23433149739523076,-0.5559557213439585,-0.026845802101371292
0.0,0.0,0.0,0.0,0.0,0.0,0.0,0.0,0.0,0.0,1727432101.3375254,-0.23432163011345292,-0.5559676131332743,-0.02685432650456306
0.0,0.0,0.0,0.0,0.0,0.0,0.0,0.0,0.0,0.0,1727432101.3477817,-0.23433034184744939,-0.5559643510431712,-0.02689887774896149
0.0,0.0,0.0,0.0,0.0,0.0,0.0,0.0,0.0,0.0,1727432101.3575435,-0.23432582924536777,-0.5559645790257445,-0.026851324924973215
0.0,0.0,0.0,0.0,0.0,0.0,0.0,0.0,0.0,0.0,1727432101.3677301,-0.2343483635032781,-0.5559590456815007,-0.026871373487981177
0.0,0.0,0.0,0.0,0.0,0.0,0.0,0.0,0.0,0.0,1727432101.377738,-0.2343461068557362,-0.5559614087190663,-0.026861721608764176
0.0,0.0,0.0,0.0,0.0,0.0,0.0,0.0,0.0,0.0,1727432101.387637,-0.2343383417527397,-0.5559613583086471,-0.026846230469758755
0.0,0.0,0.0,0.0,0.0,0.0,0.0,0.0,0.0,0.0,1727432101.3976161,-0.23433381514489715,-0.5559641382136198,-0.02697477263706555
0.0,0.0,0.0,0.0,0.0,0.0,0.0,0.0,0.0,0.0,1727432101.407624,-0.23432684745176235,-0.5559683089283817,-0.026891764806534196
0.0,0.0,0.0,0.0,0.0,0.0,0.0,0.0,0.0,0.0,1727432101.4177978,-0.2343397824928669,-0.5559638388834385,-0.026744614186601918
0.0,0.0,0.0,0.0,0.0,0.0,0.0,0.0,0.0,0.0,1727432101.4277306,-0.2343375980839139,-0.5559683941160148,-0.026741055891947623
0.0,0.0,0.0,0.0,0.0,0.0,0.0,0.0,0.0,0.0,1727432101.4372804,-0.23433284395292456,-0.5559564127751666,-0.026854803399271904
0.0,0.0,0.0,0.0,0.0,0.0,0.0,0.0,0.0,0.0,1727432101.4478033,-0.2343338744956309,-0.5559597827477369,-0.026711921168836753
0.0,0.0,0.0,0.0,0.0,0.0,0.0,0.0,0.0,0.0,1727432101.457548,-0.23434332081911596,-0.5559714813996678,-0.026822135461616887
0.0,0.0,0.0,0.0,0.0,0.0,0.0,0.0,0.0,0.0,1727432101.4672854,-0.2343322809534463,-0.5559656703534003,-0.026852700800682507
0.0,0.0,0.0,0.0,0.0,0.0,0.0,0.0,0.0,0.0,1727432101.4778886,-0.23433824438054712,-0.5559607870792831,-0.026921924037255424
0.0,0.0,0.0,0.0,0.0,0.0,0.0,0.0,0.0,0.0,1727432101.487668,-0.2343342199452074,-0.5559598725399512,-0.026844813025085172
0.0,0.0,0.0,0.0,0.0,0.0,0.0,0.0,0.0,0.0,1727432101.4976015,-0.23433322323120132,-0.555973474299814,-0.026882177004908695
0.0,0.0,0.0,0.0,0.0,0.0,0.0,0.0,0.0,0.0,1727432101.507628,-0.23433007728720087,-0.5559739523448156,-0.026871058452884244
0.0,0.0,0.0,0.0,0.0,0.0,0.0,0.0,0.0,0.0,1727432101.5177777,-0.2343309708307827,-0.5559664387464566,-0.026931245416115888
0.0,0.0,0.0,0.0,0.0,0.0,0.0,0.0,0.0,0.0,1727432101.5277295,-0.2343345184815549,-0.5559567497802482,-0.02679649293632506
0.0,0.0,0.0,0.0,0.0,0.0,0.0,0.0,0.0,0.0,1727432101.537686,-0.23433681216576543,-0.5559641737658441,-0.026933171466161136
0.0,0.0,0.0,0.0,0.0,0.0,0.0,0.0,0.0,0.0,1727432101.5477211,-0.23433347430805507,-0.5559505839079463,-0.026859972352377488
0.0,0.0,0.0,0.0,0.0,0.0,0.0,0.0,0.0,0.0,1727432101.5576322,-0.23434016180876455,-0.5559589645750602,-0.02684433960654124
0.0,0.0,0.0,0.0,0.0,0.0,0.0,0.0,0.0,0.0,1727432101.5676558,-0.23433224188705767,-0.5559649608915352,-0.026881564020923714
0.0,0.0,0.0,0.0,0.0,0.0,0.0,0.0,0.0,0.0,1727432101.5777326,-0.2343330155145918,-0.5559613220741457,-0.02696374682840613
0.0,0.0,0.0,0.0,0.0,0.0,0.0,0.0,0.0,0.0,1727432101.5878067,-0.2343362518580869,-0.5559608533254927,-0.026833102526042086
0.0,0.0,0.0,0.0,0.0,0.0,0.0,0.0,0.0,0.0,1727432101.5977793,-0.23434503100676488,-0.555963501191488,-0.026845832840245398
0.0,0.0,0.0,0.0,0.0,0.0,0.0,0.0,0.0,0.0,1727432101.6076875,-0.23434098134145523,-0.5559523527911588,-0.02688025232433678
0.0,0.0,0.0,0.0,0.0,0.0,0.0,0.0,0.0,0.0,1727432101.6177614,-0.23434010717424456,-0.5559606631205495,-0.02687147284599937
0.0,0.0,0.0,0.0,0.0,0.0,0.0,0.0,0.0,0.0,1727432101.6277368,-0.23434380470930488,-0.5559561108775914,-0.026867680073199528
0.0,0.0,0.0,0.0,0.0,0.0,0.0,0.0,0.0,0.0,1727432101.6377013,-0.23433612082668723,-0.5559534922860394,-0.02695982834026074
0.0,0.0,0.0,0.0,0.0,0.0,0.0,0.0,0.0,0.0,1727432101.647359,-0.23432413421060377,-0.5559666135757353,-0.026924972042982304
0.0,0.0,0.0,0.0,0.0,0.0,0.0,0.0,0.0,0.0,1727432101.6574721,-0.2343417515390721,-0.5559541704070369,-0.026872054001871253
0.0,0.0,0.0,0.0,0.0,0.0,0.0,0.0,0.0,0.0,1727432101.6675699,-0.2343340907493891,-0.5559607343561094,-0.026878235515223104
0.0,0.0,0.0,0.0,0.0,0.0,0.0,0.0,0.0,0.0,1727432101.677287,-0.23435218677746625,-0.5559541791425793,-0.02694495082747209
0.0,0.0,0.0,0.0,0.0,0.0,0.0,0.0,0.0,0.0,1727432101.6880293,-0.23434708116207623,-0.5559560272936949,-0.026855473450074316
0.0,0.0,0.0,0.0,0.0,0.0,0.0,0.0,0.0,0.0,1727432101.697376,-0.23434794042208498,-0.5559590176807603,-0.02699910849552888
0.0,0.0,0.0,0.0,0.0,0.0,0.0,0.0,0.0,0.0,1727432101.7079008,-0.23433855730544775,-0.5559572737996953,-0.026775669389950647
0.0,0.0,0.0,0.0,0.0,0.0,0.0,0.0,0.0,0.0,1727432101.7173214,-0.23434017574992327,-0.5559494814363292,-0.02687901623106523
0.0,0.0,0.0,0.0,0.0,0.0,0.0,0.0,0.0,0.0,1727432101.7273862,-0.23433749468788337,-0.5559525235297282,-0.02690050720626371
0.0,0.0,0.0,0.0,0.0,0.0,0.0,0.0,0.0,0.0,1727432101.7377684,-0.23433484383556646,-0.5559647788448105,-0.026957938016160404
0.0,0.0,0.0,0.0,0.0,0.0,0.0,0.0,0.0,0.0,1727432101.747844,-0.23435093100359028,-0.5559559652914565,-0.0269918173191901
0.0,0.0,0.0,0.0,0.0,0.0,0.0,0.0,0.0,0.0,1727432101.7578826,-0.23433723241356272,-0.5559468640511338,-0.026839518170211827
0.0,0.0,0.0,0.0,0.0,0.0,0.0,0.0,0.0,0.0,1727432101.767458,-0.2343390919346624,-0.5559533135570548,-0.026907852865351405
0.0,0.0,0.0,0.0,0.0,0.0,0.0,0.0,0.0,0.0,1727432101.7772129,-0.2343365011633788,-0.5559542386981036,-0.026825165734955254
0.0,0.0,0.0,0.0,0.0,0.0,0.0,0.0,0.0,0.0,1727432101.7875555,-0.23433981461382167,-0.5559518002368018,-0.026955224311265055
0.0,0.0,0.0,0.0,0.0,0.0,0.0,0.0,0.0,0.0,1727432101.7977247,-0.23435594708806634,-0.5559595117749115,-0.02688343577261482
0.0,0.0,0.0,0.0,0.0,0.0,0.0,0.0,0.0,0.0,1727432101.8077056,-0.23434624627943398,-0.5559541414392583,-0.026856798796986884
0.0,0.0,0.0,0.0,0.0,0.0,0.0,0.0,0.0,0.0,1727432101.8176486,-0.234352203040825,-0.5559534713395743,-0.02686405704079506
0.0,0.0,0.0,0.0,0.0,0.0,0.0,0.0,0.0,0.0,1727432101.8278823,-0.23434171235007115,-0.5559552110646074,-0.026772323245049544
0.0,0.0,0.0,0.0,0.0,0.0,0.0,0.0,0.0,0.0,1727432101.8373199,-0.23433816276690803,-0.5559565202897537,-0.026843014026928482
0.0,0.0,0.0,0.0,0.0,0.0,0.0,0.0,0.0,0.0,1727432101.8483047,-0.23433920805901715,-0.5559508292634994,-0.02706496511826898
0.0,0.0,0.0,0.0,0.0,0.0,0.0,0.0,0.0,0.0,1727432101.8576722,-0.2343440450484818,-0.5559537890891315,-0.0267756608169989
0.0,0.0,0.0,0.0,0.0,0.0,0.0,0.0,0.0,0.0,1727432101.8678172,-0.23432798262507262,-0.5559553865950875,-0.026882114526495738
0.0,0.0,0.0,0.0,0.0,0.0,0.0,0.0,0.0,0.0,1727432101.877395,-0.23433585073753413,-0.5559554798470666,-0.026901768324835273
0.0,0.0,0.0,0.0,0.0,0.0,0.0,0.0,0.0,0.0,1727432101.8876216,-0.23432709029891738,-0.5559582008821505,-0.026915645740788228
0.0,0.0,0.0,0.0,0.0,0.0,0.0,0.0,0.0,0.0,1727432101.8975391,-0.23433842436145835,-0.5559610788354227,-0.02682322650026184
0.0,0.0,0.0,0.0,0.0,0.0,0.0,0.0,0.0,0.0,1727432101.907778,-0.23433969141256536,-0.5559492145924718,-0.026812883545179543
0.0,0.0,0.0,0.0,0.0,0.0,0.0,0.0,0.0,0.0,1727432101.9180317,-0.23434216095032656,-0.5559570493478638,-0.026925903719421565
0.0,0.0,0.0,0.0,0.0,0.0,0.0,0.0,0.0,0.0,1727432101.9276338,-0.2343365610965654,-0.5559547134863937,-0.026954834663750715
0.0,0.0,0.0,0.0,0.0,0.0,0.0,0.0,0.0,0.0,1727432101.9379303,-0.23433766921559845,-0.5559607886542257,-0.026846361593842884
0.0,0.0,0.0,0.0,0.0,0.0,0.0,0.0,0.0,0.0,1727432101.9474673,-0.23433368853045183,-0.5559610399078007,-0.0268399164400332
0.0,0.0,0.0,0.0,0.0,0.0,0.0,0.0,0.0,0.0,1727432101.9576135,-0.23433516262858395,-0.5559631810746389,-0.02679149244856264
0.0,0.0,0.0,0.0,0.0,0.0,0.0,0.0,0.0,0.0,1727432101.9679937,-0.2343331529452517,-0.5559611590013122,-0.02689347752938023
0.0,0.0,0.0,0.0,0.0,0.0,0.0,0.0,0.0,0.0,1727432101.977389,-0.23433491818232632,-0.5559611257410151,-0.02681352601679138
0.0,0.0,0.0,0.0,0.0,0.0,0.0,0.0,0.0,0.0,1727432101.9879005,-0.23433167850079126,-0.5559613301615506,-0.026768564727732178
0.0,0.0,0.0,0.0,0.0,0.0,0.0,0.0,0.0,0.0,1727432101.9972644,-0.23433984949770412,-0.5559588708437442,-0.026923435922357682
0.0,0.0,0.0,0.0,0.0,0.0,0.0,0.0,0.0,0.0,1727432102.0076392,-0.2343365761162995,-0.5559621324194002,-0.026947655644147202
0.0,0.0,0.0,0.0,0.0,0.0,0.0,0.0,0.0,0.0,1727432102.0181806,-0.23433245974929606,-0.5559669310472708,-0.02691673936829862
0.0,0.0,0.0,0.0,0.0,0.0,0.0,0.0,0.0,0.0,1727432102.0274189,-0.23432544159484547,-0.5559609678973474,-0.02703671695357587
0.0,0.0,0.0,0.0,0.0,0.0,0.0,0.0,0.0,0.0,1727432102.0379002,-0.2343337462079859,-0.5559714947938025,-0.026880694880870665
0.0,0.0,0.0,0.0,0.0,0.0,0.0,0.0,0.0,0.0,1727432102.0477495,-0.23434243061470703,-0.5559550331409869,-0.027042778527696983
0.0,0.0,0.0,0.0,0.0,0.0,0.0,0.0,0.0,0.0,1727432102.05816,-0.23434542579062004,-0.5559577360217675,-0.026992299196290783
0.0,0.0,0.0,0.0,0.0,0.0,0.0,0.0,0.0,0.0,1727432102.0679505,-0.2343366666040177,-0.5559659041279442,-0.026794460449864606
0.0,0.0,0.0,0.0,0.0,0.0,0.0,0.0,0.0,0.0,1727432102.0776944,-0.23434316385556012,-0.5559655044888826,-0.02680555739452555
0.0,0.0,0.0,0.0,0.0,0.0,0.0,0.0,0.0,0.0,1727432102.0876007,-0.23434155888861813,-0.5559705152713399,-0.02694615645118515
0.0,0.0,0.0,0.0,0.0,0.0,0.0,0.0,0.0,0.0,1727432102.0980823,-0.234326421637653,-0.5559658637192586,-0.026906963738657676
0.0,0.0,0.0,0.0,0.0,0.0,0.0,0.0,0.0,0.0,1727432102.1076052,-0.2343296547770449,-0.5559587801239609,-0.026783368171589994
0.0,0.0,0.0,0.0,0.0,0.0,0.0,0.0,0.0,0.0,1727432102.1175241,-0.23433104545065384,-0.555962459151721,-0.027004831221789483
0.0,0.0,0.0,0.0,0.0,0.0,0.0,0.0,0.0,0.0,1727432102.127654,-0.23434173249405393,-0.5559620444730571,-0.027019900452787276
0.0,0.0,0.0,0.0,0.0,0.0,0.0,0.0,0.0,0.0,1727432102.1380436,-0.23432762224916578,-0.555965097707497,-0.026925120268707404
0.0,0.0,0.0,0.0,0.0,0.0,0.0,0.0,0.0,0.0,1727432102.1479135,-0.23433760052628566,-0.5559708322766417,-0.026763149650922025
0.0,0.0,0.0,0.0,0.0,0.0,0.0,0.0,0.0,0.0,1727432102.1573102,-0.23432389684346214,-0.5559676849633004,-0.026971203843984777
0.0,0.0,0.0,0.0,0.0,0.0,0.0,0.0,0.0,0.0,1727432102.167953,-0.23433043107887,-0.5559679911234764,-0.026767118140189793
0.0,0.0,0.0,0.0,0.0,0.0,0.0,0.0,0.0,0.0,1727432102.177541,-0.23433693643232137,-0.5559589013999883,-0.02685683731064943
0.0,0.0,0.0,0.0,0.0,0.0,0.0,0.0,0.0,0.0,1727432102.1885068,-0.2343427665696122,-0.5559693259256926,-0.026956727342322757
0.0,0.0,0.0,0.0,0.0,0.0,0.0,0.0,0.0,0.0,1727432102.1976073,-0.23433072104004465,-0.5559632334794496,-0.026868072834239105
0.0,0.0,0.0,0.0,0.0,0.0,0.0,0.0,0.0,0.0,1727432102.2074819,-0.23434283600954345,-0.5559582046314325,-0.027067515907763514
0.0,0.0,0.0,0.0,0.0,0.0,0.0,0.0,0.0,0.0,1727432102.2179112,-0.23434046229806332,-0.5559579431889083,-0.026897433639890892
0.0,0.0,0.0,0.0,0.0,0.0,0.0,0.0,0.0,0.0,1727432102.2274148,-0.23433929909933227,-0.5559632533690801,-0.026736418656833242
0.0,0.0,0.0,0.0,0.0,0.0,0.0,0.0,0.0,0.0,1727432102.2381332,-0.2343306196606482,-0.5559600769763768,-0.026985553290831556
0.0,0.0,0.0,0.0,0.0,0.0,0.0,0.0,0.0,0.0,1727432102.2476394,-0.2343332746614498,-0.5559640363779126,-0.026828579741405355
0.0,0.0,0.0,0.0,0.0,0.0,0.0,0.0,0.0,0.0,1727432102.258293,-0.2343372539919941,-0.5559539182455724,-0.026898841057410378
0.0,0.0,0.0,0.0,0.0,0.0,0.0,0.0,0.0,0.0,1727432102.2677157,-0.2343364216458028,-0.5559551022606325,-0.02684269136518964
0.0,0.0,0.0,0.0,0.0,0.0,0.0,0.0,0.0,0.0,1727432102.2778606,-0.23434214662622369,-0.5559551239528208,-0.026802776920535128
0.0,0.0,0.0,0.0,0.0,0.0,0.0,0.0,0.0,0.0,1727432102.2879915,-0.23434000651158482,-0.5559572441493967,-0.02680661822914371
0.0,0.0,0.0,0.0,0.0,0.0,0.0,0.0,0.0,0.0,1727432102.2981832,-0.23434348898740193,-0.5559592035915258,-0.02679052543399175
0.0,0.0,0.0,0.0,0.0,0.0,0.0,0.0,0.0,0.0,1727432102.3079016,-0.23433536836287291,-0.5559572993407222,-0.026877037952238236
0.0,0.0,0.0,0.0,0.0,0.0,0.0,0.0,0.0,0.0,1727432102.3178751,-0.23433557425391896,-0.5559550528803142,-0.027009375657131473
0.0,0.0,0.0,0.0,0.0,0.0,0.0,0.0,0.0,0.0,1727432102.3282552,-0.23433373072111943,-0.5559588958940164,-0.02700306986580405
0.0,0.0,0.0,0.0,0.0,0.0,0.0,0.0,0.0,0.0,1727432102.3373475,-0.23434588145235208,-0.5559603125226972,-0.02685507955144478
0.0,0.0,0.0,0.0,0.0,0.0,0.0,0.0,0.0,0.0,1727432102.3474712,-0.23433639680039675,-0.5559524403088842,-0.02685511683630989
0.0,0.0,0.0,0.0,0.0,0.0,0.0,0.0,0.0,0.0,1727432102.357541,-0.23433749127901643,-0.5559524928148171,-0.026906419293348947
0.0,0.0,0.0,0.0,0.0,0.0,0.0,0.0,0.0,0.0,1727432102.3678708,-0.23434323015227096,-0.5559572874590815,-0.026951765253692216
0.0,0.0,0.0,0.0,0.0,0.0,0.0,0.0,0.0,0.0,1727432102.377431,-0.2343420055493401,-0.5559533752978792,-0.026885079533888395
0.0,0.0,0.0,0.0,0.0,0.0,0.0,0.0,0.0,0.0,1727432102.3875682,-0.23434313769558762,-0.5559474061906554,-0.026841166618901936
0.0,0.0,0.0,0.0,0.0,0.0,0.0,0.0,0.0,0.0,1727432102.39816,-0.23434660052412953,-0.5559564277181392,-0.026954978351988384
0.0,0.0,0.0,0.0,0.0,0.0,0.0,0.0,0.0,0.0,1727432102.4074469,-0.23435086059135915,-0.5559466570613866,-0.026898570317274394
0.0,0.0,0.0,0.0,0.0,0.0,0.0,0.0,0.0,0.0,1727432102.418237,-0.2343494539069554,-0.5559447188417345,-0.027023746870188724
0.0,0.0,0.0,0.0,0.0,0.0,0.0,0.0,0.0,0.0,1727432102.4278574,-0.2343340651521088,-0.5559487662676839,-0.026956455502216647
0.0,0.0,0.0,0.0,0.0,0.0,0.0,0.0,0.0,0.0,1727432102.4374242,-0.23434315486749402,-0.5559541286161257,-0.02687862773271358
0.0,0.0,0.0,0.0,0.0,0.0,0.0,0.0,0.0,0.0,1727432102.4475114,-0.23432817317998622,-0.555955062085515,-0.026856052673300317
0.0,0.0,0.0,0.0,0.0,0.0,0.0,0.0,0.0,0.0,1727432102.4573169,-0.23433820484955598,-0.5559531733297339,-0.026969199520602387
0.0,0.0,0.0,0.0,0.0,0.0,0.0,0.0,0.0,0.0,1727432102.4677017,-0.2343366508678656,-0.5559566498744656,-0.02691055868688625
0.0,0.0,0.0,0.0,0.0,0.0,0.0,0.0,0.0,0.0,1727432102.477559,-0.23433337059991685,-0.5559585907064977,-0.026859484628262317
0.0,0.0,0.0,0.0,0.0,0.0,0.0,0.0,0.0,0.0,1727432102.4878168,-0.23434886520420925,-0.5559594391751252,-0.026887850140741205
0.0,0.0,0.0,0.0,0.0,0.0,0.0,0.0,0.0,0.0,1727432102.4978158,-0.23433488458401097,-0.5559588584310456,-0.026963544900083243
0.0,0.0,0.0,0.0,0.0,0.0,0.0,0.0,0.0,0.0,1727432102.5074804,-0.2343286308146688,-0.555964696711343,-0.026799630895125985
0.0,0.0,0.0,0.0,0.0,0.0,0.0,0.0,0.0,0.0,1727432102.5178993,-0.2343341753868324,-0.5559621555263444,-0.026989763624648184
0.0,0.0,0.0,0.0,0.0,0.0,0.0,0.0,0.0,0.0,1727432102.5277982,-0.2343462148028542,-0.5559578166028716,-0.02690135190612264
0.0,0.0,0.0,0.0,0.0,0.0,0.0,0.0,0.0,0.0,1727432102.5375984,-0.23434380550197026,-0.5559532013565229,-0.02686933286536875
0.0,0.0,0.0,0.0,0.0,0.0,0.0,0.0,0.0,0.0,1727432102.5479727,-0.2343332294565201,-0.5559612490899584,-0.02676183820221894
0.0,0.0,0.0,0.0,0.0,0.0,0.0,0.0,0.0,0.0,1727432102.5573127,-0.2343304241193405,-0.5559713714054175,-0.026846612914634777
0.0,0.0,0.0,0.0,0.0,0.0,0.0,0.0,0.0,0.0,1727432102.5677626,-0.23432582868192883,-0.5559573410291764,-0.02691338545828004
0.0,0.0,0.0,0.0,0.0,0.0,0.0,0.0,0.0,0.0,1727432102.5778449,-0.23433098276031336,-0.5559618594868928,-0.026746935745131498
0.0,0.0,0.0,0.0,0.0,0.0,0.0,0.0,0.0,0.0,1727432102.5879447,-0.23434732352724152,-0.5559577348611255,-0.026930608131606207
0.0,0.0,0.0,0.0,0.0,0.0,0.0,0.0,0.0,0.0,1727432102.5975149,-0.23432551785668745,-0.5559601369351894,-0.02684381107367196
0.0,0.0,0.0,0.0,0.0,0.0,0.0,0.0,0.0,0.0,1727432102.6080654,-0.23433139546499201,-0.555963037529946,-0.026972547963164284
0.0,0.0,0.0,0.0,0.0,0.0,0.0,0.0,0.0,0.0,1727432102.6177816,-0.2343375298035176,-0.5559594218083592,-0.026911279862120788
0.0,0.0,0.0,0.0,0.0,0.0,0.0,0.0,0.0,0.0,1727432102.6279936,-0.23432779329005762,-0.5559737579716107,-0.02685211074498683
0.0,0.0,0.0,0.0,0.0,0.0,0.0,0.0,0.0,0.0,1727432102.637719,-0.23433105273997604,-0.5559662633563361,-0.02679598267104123
0.0,0.0,0.0,0.0,0.0,0.0,0.0,0.0,0.0,0.0,1727432102.6476073,-0.23433209044538278,-0.5559549504703739,-0.026835966490089763
0.0,0.0,0.0,0.0,0.0,0.0,0.0,0.0,0.0,0.0,1727432102.6575582,-0.23433804680795356,-0.5559691522712615,-0.026846196281984817
0.0,0.0,0.0,0.0,0.0,0.0,0.0,0.0,0.0,0.0,1727432102.6678152,-0.23434744545103658,-0.5559694073660434,-0.026855581195750138
0.0,0.0,0.0,0.0,0.0,0.0,0.0,0.0,0.0,0.0,1727432102.6779108,-0.23433926304118982,-0.5559631103190613,-0.026784212623656743
0.0,0.0,0.0,0.0,0.0,0.0,0.0,0.0,0.0,0.0,1727432102.6875954,-0.23433742879124597,-0.5559568237903705,-0.026909260379570595
0.0,0.0,0.0,0.0,0.0,0.0,0.0,0.0,0.0,0.0,1727432102.697813,-0.23432752243154029,-0.5559669361364463,-0.026759591568311675
0.0,0.0,0.0,0.0,0.0,0.0,0.0,0.0,0.0,0.0,1727432102.7078426,-0.23432527494484126,-0.5559722075935856,-0.026936626898940937
0.0,0.0,0.0,0.0,0.0,0.0,0.0,0.0,0.0,0.0,1727432102.7180655,-0.23433251842083844,-0.5559718793961779,-0.026909824610158988
0.0,0.0,0.0,0.0,0.0,0.0,0.0,0.0,0.0,0.0,1727432102.7277355,-0.23434023779383867,-0.5559618828922113,-0.02694875100290088
0.0,0.0,0.0,0.0,0.0,0.0,0.0,0.0,0.0,0.0,1727432102.737252,-0.23433457195448998,-0.555963252815442,-0.026943118234553025
0.0,0.0,0.0,0.0,0.0,0.0,0.0,0.0,0.0,0.0,1727432102.7476332,-0.23433976828499184,-0.5559620026323687,-0.026772353660105625
0.0,0.0,0.0,0.0,0.0,0.0,0.0,0.0,0.0,0.0,1727432102.757538,-0.2343322939416258,-0.5559548461615395,-0.02686218958092339
0.0,0.0,0.0,0.0,0.0,0.0,0.0,0.0,0.0,0.0,1727432102.7676826,-0.23433336383197995,-0.5559673939913289,-0.0268535355825977
0.0,0.0,0.0,0.0,0.0,0.0,0.0,0.0,0.0,0.0,1727432102.7775626,-0.23433337931348688,-0.5559688223788409,-0.026960603033628953
0.0,0.0,0.0,0.0,0.0,0.0,0.0,0.0,0.0,0.0,1727432102.7877674,-0.23433058301264412,-0.5559624819882165,-0.026846792923704822
0.0,0.0,0.0,0.0,0.0,0.0,0.0,0.0,0.0,0.0,1727432102.7980342,-0.23433351993237747,-0.5559578015852655,-0.02687955861979019
0.0,0.0,0.0,0.0,0.0,0.0,0.0,0.0,0.0,0.0,1727432102.8073814,-0.23433515157877105,-0.5559635981742471,-0.026764117558201343
0.0,0.0,0.0,0.0,0.0,0.0,0.0,0.0,0.0,0.0,1727432102.8182344,-0.23434039432517645,-0.5559479132163376,-0.026883484976607187
0.0,0.0,0.0,0.0,0.0,0.0,0.0,0.0,0.0,0.0,1727432102.8277247,-0.2343334878738819,-0.5559603039932376,-0.026942678907399927
0.0,0.0,0.0,0.0,0.0,0.0,0.0,0.0,0.0,0.0,1727432102.8379378,-0.23433644806250692,-0.5559537118996608,-0.02682224952579928
0.0,0.0,0.0,0.0,0.0,0.0,0.0,0.0,0.0,0.0,1727432102.8479166,-0.234336773562017,-0.5559584843162942,-0.02702698829941542
0.0,0.0,0.0,0.0,0.0,0.0,0.0,0.0,0.0,0.0,1727432102.8575506,-0.23433849508303822,-0.555956023453121,-0.0267404768710717
0.0,0.0,0.0,0.0,0.0,0.0,0.0,0.0,0.0,0.0,1727432102.8678348,-0.234333678144639,-0.555956497204309,-0.026919061357869832
0.0,0.0,0.0,0.0,0.0,0.0,0.0,0.0,0.0,0.0,1727432102.8777082,-0.23434098079261984,-0.555959264821496,-0.026880717378406877
0.0,0.0,0.0,0.0,0.0,0.0,0.0,0.0,0.0,0.0,1727432102.8875856,-0.23433129265060584,-0.5559547818669188,-0.026841010963004782
0.0,0.0,0.0,0.0,0.0,0.0,0.0,0.0,0.0,0.0,1727432102.8976407,-0.23433005196862391,-0.5559538198340234,-0.026933769631164128
0.0,0.0,0.0,0.0,0.0,0.0,0.0,0.0,0.0,0.0,1727432102.907983,-0.23433107034016526,-0.5559523350000724,-0.02686697458034035
0.0,0.0,0.0,0.0,0.0,0.0,0.0,0.0,0.0,0.0,1727432102.9177592,-0.23433312361332476,-0.5559602963414528,-0.02689381461669348
0.0,0.0,0.0,0.0,0.0,0.0,0.0,0.0,0.0,0.0,1727432102.9279554,-0.23433962880355674,-0.5559602570338302,-0.026978150348577375
0.0,0.0,0.0,0.0,0.0,0.0,0.0,0.0,0.0,0.0,1727432102.9377923,-0.23433673601627256,-0.5559541241293968,-0.026905587027168654
0.0,0.0,0.0,0.0,0.0,0.0,0.0,0.0,0.0,0.0,1727432102.9475145,-0.23433611692510145,-0.5559482132851493,-0.026723007634669636
0.0,0.0,0.0,0.0,0.0,0.0,0.0,0.0,0.0,0.0,1727432102.9583368,-0.23434128465895593,-0.5559501350979037,-0.026903734494763926
0.0,0.0,0.0,0.0,0.0,0.0,0.0,0.0,0.0,0.0,1727432102.9679618,-0.23433189683672123,-0.5559494928422096,-0.027040847555762835
0.0,0.0,0.0,0.0,0.0,0.0,0.0,0.0,0.0,0.0,1727432102.9778836,-0.23433496582302352,-0.5559524864496893,-0.026832609916771253
0.0,0.0,0.0,0.0,0.0,0.0,0.0,0.0,0.0,0.0,1727432102.9877675,-0.23433371200191744,-0.5559568193977374,-0.02687584228206426
0.0,0.0,0.0,0.0,0.0,0.0,0.0,0.0,0.0,0.0,1727432102.9976625,-0.23433693483995782,-0.5559568604305313,-0.026819887652426395
0.0,0.0,0.0,0.0,0.0,0.0,0.0,0.0,0.0,0.0,1727432103.0076318,-0.23433494879044545,-0.5559559781695211,-0.026828701271709117
0.0,0.0,0.0,0.0,0.0,0.0,0.0,0.0,0.0,0.0,1727432103.017709,-0.23434474113941936,-0.5559557478069809,-0.026926543485509782
0.0,0.0,0.0,0.0,0.0,0.0,0.0,0.0,0.0,0.0,1727432103.027681,-0.2343415286805534,-0.5559486755565253,-0.02688348744558005
0.0,0.0,0.0,0.0,0.0,0.0,0.0,0.0,0.0,0.0,1727432103.037967,-0.23434663561659225,-0.5559432545725359,-0.02684944822998455
0.0,0.0,0.0,0.0,0.0,0.0,0.0,0.0,0.0,0.0,1727432103.0477781,-0.23435099164093742,-0.555949985063252,-0.0269077416023899
0.0,0.0,0.0,0.0,0.0,0.0,0.0,0.0,0.0,0.0,1727432103.0573974,-0.23434791593277002,-0.5559503935751058,-0.026880689573516497
0.0,0.0,0.0,0.0,0.0,0.0,0.0,0.0,0.0,0.0,1727432103.0679169,-0.23433416643521718,-0.5559518206675169,-0.02681257395207765
0.0,0.0,0.0,0.0,0.0,0.0,0.0,0.0,0.0,0.0,1727432103.0778108,-0.2343276499788854,-0.5559586291738455,-0.02689483595529214
0.0,0.0,0.0,0.0,0.0,0.0,0.0,0.0,0.0,0.0,1727432103.0876412,-0.234334533693494,-0.555950092013321,-0.026905997560444067
0.0,0.0,0.0,0.0,0.0,0.0,0.0,0.0,0.0,0.0,1727432103.0971882,-0.23434517018345158,-0.5559506783642053,-0.026911533581490878
0.0,0.0,0.0,0.0,0.0,0.0,0.0,0.0,0.0,0.0,1727432103.107677,-0.23434933582265646,-0.5559507966547186,-0.026989026599624016
0.0,0.0,0.0,0.0,0.0,0.0,0.0,0.0,0.0,0.0,1727432103.1175497,-0.23434181812690766,-0.5559446315757124,-0.026965298947432995
0.0,0.0,0.0,0.0,0.0,0.0,0.0,0.0,0.0,0.0,1727432103.1279685,-0.23434943566398195,-0.5559546624660768,-0.026882577265942884
0.0,0.0,0.0,0.0,0.0,0.0,0.0,0.0,0.0,0.0,1727432103.1372998,-0.2343336310749608,-0.5559544519164139,-0.026781158850175197
0.0,0.0,0.0,0.0,0.0,0.0,0.0,0.0,0.0,0.0,1727432103.1476312,-0.23433272378290462,-0.5559608091083698,-0.026868315783558472
0.0,0.0,0.0,0.0,0.0,0.0,0.0,0.0,0.0,0.0,1727432103.157635,-0.23432732328772923,-0.555961605866163,-0.026887462260830088
0.0,0.0,0.0,0.0,0.0,0.0,0.0,0.0,0.0,0.0,1727432103.1676354,-0.23433633026637893,-0.5559544997699907,-0.026960628627983926
0.0,0.0,0.0,0.0,0.0,0.0,0.0,0.0,0.0,0.0,1727432103.177874,-0.23434398293464037,-0.5559521682559989,-0.026701652341109796
0.0,0.0,0.0,0.0,0.0,0.0,0.0,0.0,0.0,0.0,1727432103.187776,-0.23435275082488172,-0.5559540555261439,-0.02688074301595022
0.0,0.0,0.0,0.0,0.0,0.0,0.0,0.0,0.0,0.0,1727432103.1977243,-0.23433865132508805,-0.555961441698861,-0.02678979828563109
0.0,0.0,0.0,0.0,0.0,0.0,0.0,0.0,0.0,0.0,1727432103.2079391,-0.23433715633022145,-0.5559569029211714,-0.026901576405124326
0.0,0.0,0.0,0.0,0.0,0.0,0.0,0.0,0.0,0.0,1727432103.2176483,-0.23434010354362086,-0.5559579026789214,-0.026875903528976945
0.0,0.0,0.0,0.0,0.0,0.0,0.0,0.0,0.0,0.0,1727432103.227826,-0.2343338943228163,-0.5559619594185188,-0.026846096459825834
0.0,0.0,0.0,0.0,0.0,0.0,0.0,0.0,0.0,0.0,1727432103.2379358,-0.23433016870650933,-0.5559608668346013,-0.026991161470906855
0.0,0.0,0.0,0.0,0.0,0.0,0.0,0.0,0.0,0.0,1727432103.2477005,-0.23433805035584537,-0.5559633697372001,-0.026816050434896464
0.0,0.0,0.0,0.0,0.0,0.0,0.0,0.0,0.0,0.0,1727432103.2577646,-0.23433972881056211,-0.555964318801884,-0.026908869171986063
0.0,0.0,0.0,0.0,0.0,0.0,0.0,0.0,0.0,0.0,1727432103.2676387,-0.2343362484241784,-0.5559612879219514,-0.026931838606159143
0.0,0.0,0.0,0.0,0.0,0.0,0.0,0.0,0.0,0.0,1727432103.277796,-0.2343311170648137,-0.5559569826077634,-0.027002907710280903
0.0,0.0,0.0,0.0,0.0,0.0,0.0,0.0,0.0,0.0,1727432103.2876768,-0.23433852139230943,-0.5559582744744235,-0.026885681395251528
0.0,0.0,0.0,0.0,0.0,0.0,0.0,0.0,0.0,0.0,1727432103.2976477,-0.23434068439132827,-0.5559562118675455,-0.02690953202693698
0.0,0.0,0.0,0.0,0.0,0.0,0.0,0.0,0.0,0.0,1727432103.3075602,-0.23434580778130704,-0.5559566272127487,-0.02696600188653947
0.0,0.0,0.0,0.0,0.0,0.0,0.0,0.0,0.0,0.0,1727432103.3175595,-0.23433540883861637,-0.5559650323820625,-0.02684286466345184
0.0,0.0,0.0,0.0,0.0,0.0,0.0,0.0,0.0,0.0,1727432103.3275478,-0.23432585656550353,-0.5559586278515455,-0.02687238655224654
0.0,0.0,0.0,0.0,0.0,0.0,0.0,0.0,0.0,0.0,1727432103.3375444,-0.23432847965473916,-0.5559724137205628,-0.026908051900161
0.0,0.0,0.0,0.0,0.0,0.0,0.0,0.0,0.0,0.0,1727432103.3475866,-0.234330249128473,-0.5559688350402932,-0.02694597856553729
0.0,0.0,0.0,0.0,0.0,0.0,0.0,0.0,0.0,0.0,1727432103.357696,-0.23433376960726537,-0.5559607602613778,-0.026887146306038175
0.0,0.0,0.0,0.0,0.0,0.0,0.0,0.0,0.0,0.0,1727432103.3675966,-0.23434254674186747,-0.5559570510318937,-0.026915411331618264
0.0,0.0,0.0,0.0,0.0,0.0,0.0,0.0,0.0,0.0,1727432103.377696,-0.23434328586293668,-0.5559549893742041,-0.026935194511010063
0.0,0.0,0.0,0.0,0.0,0.0,0.0,0.0,0.0,0.0,1727432103.3875225,-0.23433689142725356,-0.5559609308064937,-0.02695207406497211
0.0,0.0,0.0,0.0,0.0,0.0,0.0,0.0,0.0,0.0,1727432103.397869,-0.2343385347556123,-0.5559563541207857,-0.02692354874651783
0.0,0.0,0.0,0.0,0.0,0.0,0.0,0.0,0.0,0.0,1727432103.4073553,-0.234331433981093,-0.555960927773192,-0.026943886782351923
0.0,0.0,0.0,0.0,0.0,0.0,0.0,0.0,0.0,0.0,1727432103.4175508,-0.23433343399554776,-0.5559580768934036,-0.026789937749939343
0.0,0.0,0.0,0.0,0.0,0.0,0.0,0.0,0.0,0.0,1727432103.4276533,-0.23434194521949803,-0.5559542177128309,-0.02694726594403857
0.0,0.0,0.0,0.0,0.0,0.0,0.0,0.0,0.0,0.0,1727432103.4377928,-0.23433325444669684,-0.5559541084813249,-0.02678796803765749
0.0,0.0,0.0,0.0,0.0,0.0,0.0,0.0,0.0,0.0,1727432103.447673,-0.23433893761008986,-0.5559593785480993,-0.026950257730444287
0.0,0.0,0.0,0.0,0.0,0.0,0.0,0.0,0.0,0.0,1727432103.4577012,-0.2343402603245807,-0.5559457688606672,-0.026816636229806387
0.0,0.0,0.0,0.0,0.0,0.0,0.0,0.0,0.0,0.0,1727432103.4675775,-0.2343446492015646,-0.555950197911853,-0.026867636997109947
0.0,0.0,0.0,0.0,0.0,0.0,0.0,0.0,0.0,0.0,1727432103.4777665,-0.23434570897483625,-0.5559693650028446,-0.026868449767664223
0.0,0.0,0.0,0.0,0.0,0.0,0.0,0.0,0.0,0.0,1727432103.4876306,-0.2343437457144609,-0.5559493864220442,-0.02697723894850165
0.0,0.0,0.0,0.0,0.0,0.0,0.0,0.0,0.0,0.0,1727432103.4978733,-0.23433987545022952,-0.5559680544758492,-0.0268065012428539
0.0,0.0,0.0,0.0,0.0,0.0,0.0,0.0,0.0,0.0,1727432103.5077794,-0.23433454843408202,-0.5559511107298488,-0.02685229517087431
0.0,0.0,0.0,0.0,0.0,0.0,0.0,0.0,0.0,0.0,1727432103.5176623,-0.23434216762314133,-0.5559600166279639,-0.026859268003831826
0.0,0.0,0.0,0.0,0.0,0.0,0.0,0.0,0.0,0.0,1727432103.5276299,-0.2343307199447215,-0.5559557480894411,-0.026934467220249916
0.0,0.0,0.0,0.0,0.0,0.0,0.0,0.0,0.0,0.0,1727432103.5376132,-0.23433767621509893,-0.555959921059097,-0.02687404726424335
0.0,0.0,0.0,0.0,0.0,0.0,0.0,0.0,0.0,0.0,1727432103.5476894,-0.23434684502496453,-0.5559488090786897,-0.026950760545197933
0.0,0.0,0.0,0.0,0.0,0.0,0.0,0.0,0.0,0.0,1727432103.5573514,-0.23435379527427452,-0.5559598112216356,-0.027013824620132267
0.0,0.0,0.0,0.0,0.0,0.0,0.0,0.0,0.0,0.0,1727432103.567582,-0.23435954273294118,-0.5559477850814762,-0.02687314872563873
0.0,0.0,0.0,0.0,0.0,0.0,0.0,0.0,0.0,0.0,1727432103.5776546,-0.23434296485007333,-0.5559537626847938,-0.02687979026318767
0.0,0.0,0.0,0.0,0.0,0.0,0.0,0.0,0.0,0.0,1727432103.5876248,-0.23434051349045032,-0.5559526430544781,-0.02694367464724125
0.0,0.0,0.0,0.0,0.0,0.0,0.0,0.0,0.0,0.0,1727432103.5976453,-0.23432953803590506,-0.5559582111175072,-0.02691582688157177
0.0,0.0,0.0,0.0,0.0,0.0,0.0,0.0,0.0,0.0,1727432103.6074939,-0.2343380606316475,-0.5559537817617755,-0.02686825312411846
0.0,0.0,0.0,0.0,0.0,0.0,0.0,0.0,0.0,0.0,1727432103.6176965,-0.23433993800674865,-0.5559420439395997,-0.026951092209161732
0.0,0.0,0.0,0.0,0.0,0.0,0.0,0.0,0.0,0.0,1727432103.6276476,-0.23434509765850817,-0.5559466549722382,-0.026800646869762513
0.0,0.0,0.0,0.0,0.0,0.0,0.0,0.0,0.0,0.0,1727432103.6377132,-0.23435422650146043,-0.5559468013377302,-0.026869084381319668
0.0,0.0,0.0,0.0,0.0,0.0,0.0,0.0,0.0,0.0,1727432103.6475577,-0.2343548438368637,-0.5559495343169077,-0.026944914869106145
0.0,0.0,0.0,0.0,0.0,0.0,0.0,0.0,0.0,0.0,1727432103.6576447,-0.23434467589580513,-0.5559479555624232,-0.026890537818806227
0.0,0.0,0.0,0.0,0.0,0.0,0.0,0.0,0.0,0.0,1727432103.6673985,-0.2343350760961413,-0.5559584750176406,-0.02675297349616804
0.0,0.0,0.0,0.0,0.0,0.0,0.0,0.0,0.0,0.0,1727432103.677627,-0.23432900283127905,-0.5559536964255615,-0.026902402969467235
0.0,0.0,0.0,0.0,0.0,0.0,0.0,0.0,0.0,0.0,1727432103.687575,-0.23432551020989323,-0.5559661063882817,-0.02682694760623536
0.0,0.0,0.0,0.0,0.0,0.0,0.0,0.0,0.0,0.0,1727432103.6976223,-0.23434358084497992,-0.5559577018275169,-0.026898088553290234
0.0,0.0,0.0,0.0,0.0,0.0,0.0,0.0,0.0,0.0,1727432103.707628,-0.23434445025594727,-0.5559510471069686,-0.02688483897576021
0.0,0.0,0.0,0.0,0.0,0.0,0.0,0.0,0.0,0.0,1727432103.7174814,-0.23435068740740486,-0.5559561092978872,-0.026908893621841925
0.0,0.0,0.0,0.0,0.0,0.0,0.0,0.0,0.0,0.0,1727432103.7276134,-0.23434252486062054,-0.5559519337758052,-0.02680459553636017
0.0,0.0,0.0,0.0,0.0,0.0,0.0,0.0,0.0,0.0,1727432103.7377415,-0.2343288347549322,-0.5559563111909811,-0.026815454649581485
0.0,0.0,0.0,0.0,0.0,0.0,0.0,0.0,0.0,0.0,1727432103.7478216,-0.23434034018882358,-0.5559592376476387,-0.026806621334406946
0.0,0.0,0.0,0.0,0.0,0.0,0.0,0.0,0.0,0.0,1727432103.7573125,-0.23433780314033398,-0.5559572237359651,-0.026890759304409276
0.0,0.0,0.0,0.0,0.0,0.0,0.0,0.0,0.0,0.0,1727432103.767746,-0.23433543158032188,-0.5559529092407618,-0.026948069207619836
0.0,0.0,0.0,0.0,0.0,0.0,0.0,0.0,0.0,0.0,1727432103.7775345,-0.23433296890901145,-0.5559561051240137,-0.02689446496431653
0.0,0.0,0.0,0.0,0.0,0.0,0.0,0.0,0.0,0.0,1727432103.7873967,-0.23433408776997833,-0.5559600068187753,-0.026796700452916586
0.0,0.0,0.0,0.0,0.0,0.0,0.0,0.0,0.0,0.0,1727432103.797376,-0.23433428857504401,-0.555959684755199,-0.026774860109538556
0.0,0.0,0.0,0.0,0.0,0.0,0.0,0.0,0.0,0.0,1727432103.8078654,-0.2343375671973168,-0.5559583686595747,-0.02683873122640999
0.0,0.0,0.0,0.0,0.0,0.0,0.0,0.0,0.0,0.0,1727432103.8172631,-0.23433995728634732,-0.5559610115320596,-0.02695000225223573
0.0,0.0,0.0,0.0,0.0,0.0,0.0,0.0,0.0,0.0,1727432103.8277564,-0.23433458768103532,-0.5559581259573038,-0.02684851206993842
0.0,0.0,0.0,0.0,0.0,0.0,0.0,0.0,0.0,0.0,1727432103.837868,-0.23433689802546911,-0.5559601924970494,-0.02691516358100659
0.0,0.0,0.0,0.0,0.0,0.0,0.0,0.0,0.0,0.0,1727432103.847133,-0.23433764441814425,-0.5559583362732872,-0.026879556526601442
0.0,0.0,0.0,0.0,0.0,0.0,0.0,0.0,0.0,0.0,1727432103.8577218,-0.2343330877478266,-0.5559725380358049,-0.02682926970535801
0.0,0.0,0.0,0.0,0.0,0.0,0.0,0.0,0.0,0.0,1727432103.8675144,-0.23432941232282917,-0.5559675394014942,-0.026950084472719342
0.0,0.0,0.0,0.0,0.0,0.0,0.0,0.0,0.0,0.0,1727432103.8776405,-0.23432511428288139,-0.5559762463832058,-0.026745349257410022
0.0,0.0,0.0,0.0,0.0,0.0,0.0,0.0,0.0,0.0,1727432103.8874567,-0.23434070879164362,-0.5559605820957042,-0.02687973445186193
0.0,0.0,0.0,0.0,0.0,0.0,0.0,0.0,0.0,0.0,1727432103.8977728,-0.23434426562944383,-0.5559652207857074,-0.026888018814421315
0.0,0.0,0.0,0.0,0.0,0.0,0.0,0.0,0.0,0.0,1727432103.9076164,-0.23433193952299172,-0.5559680092070289,-0.026938938272142342
0.0,0.0,0.0,0.0,0.0,0.0,0.0,0.0,0.0,0.0,1727432103.9177845,-0.23434548223241755,-0.5559637044822044,-0.026945943079109316
0.0,0.0,0.0,0.0,0.0,0.0,0.0,0.0,0.0,0.0,1727432103.9276845,-0.23432960346252807,-0.5559654432855545,-0.02694477318363048
0.0,0.0,0.0,0.0,0.0,0.0,0.0,0.0,0.0,0.0,1727432103.937861,-0.2343387723334337,-0.5559642185232649,-0.026828314926915054
0.0,0.0,0.0,0.0,0.0,0.0,0.0,0.0,0.0,0.0,1727432103.9476447,-0.23434301544452904,-0.5559585567787282,-0.02695074863258867
0.0,0.0,0.0,0.0,0.0,0.0,0.0,0.0,0.0,0.0,1727432103.9576576,-0.23433304420513834,-0.5559613671284965,-0.02684362699551627
0.0,0.0,0.0,0.0,0.0,0.0,0.0,0.0,0.0,0.0,1727432103.9672153,-0.2343352375276522,-0.555967093263801,-0.026803211601064483
0.0,0.0,0.0,0.0,0.0,0.0,0.0,0.0,0.0,0.0,1727432103.9776223,-0.23433801530338513,-0.5559636703005645,-0.02686302808466408
0.0,0.0,0.0,0.0,0.0,0.0,0.0,0.0,0.0,0.0,1727432103.9876952,-0.2343322663121905,-0.5559679876849069,-0.026925140771078677
0.0,0.0,0.0,0.0,0.0,0.0,0.0,0.0,0.0,0.0,1727432103.9974782,-0.2343416869446918,-0.5559661202963546,-0.026880406585465783
0.0,0.0,0.0,0.0,0.0,0.0,0.0,0.0,0.0,0.0,1727432104.0075374,-0.23433655077303744,-0.5559611727687243,-0.026890338746441946
0.0,0.0,0.0,0.0,0.0,0.0,0.0,0.0,0.0,0.0,1727432104.0177288,-0.23433975057846881,-0.555963576654833,-0.026898785636323717
0.0,0.0,0.0,0.0,0.0,0.0,0.0,0.0,0.0,0.0,1727432104.0277479,-0.2343350644680233,-0.5559602787116761,-0.02691873564999557
0.0,0.0,0.0,0.0,0.0,0.0,0.0,0.0,0.0,0.0,1727432104.037703,-0.23433292909491213,-0.5559649381482481,-0.026840396050233504
0.0,0.0,0.0,0.0,0.0,0.0,0.0,0.0,0.0,0.0,1727432104.047769,-0.23433026959374284,-0.5559445761583712,-0.027006480868185422
0.0,0.0,0.0,0.0,0.0,0.0,0.0,0.0,0.0,0.0,1727432104.057841,-0.23432493268450538,-0.5559639402509589,-0.026852883054354234
0.0,0.0,0.0,0.0,0.0,0.0,0.0,0.0,0.0,0.0,1727432104.0678327,-0.23433590593465023,-0.5559553900116205,-0.02687294469939306
0.0,0.0,0.0,0.0,0.0,0.0,0.0,0.0,0.0,0.0,1727432104.0777597,-0.23434680884939457,-0.555957479285705,-0.026873100568737533
0.0,0.0,0.0,0.0,0.0,0.0,0.0,0.0,0.0,0.0,1727432104.0876865,-0.23434078710893402,-0.5559523232896034,-0.026819282293558098
0.0,0.0,0.0,0.0,0.0,0.0,0.0,0.0,0.0,0.0,1727432104.0978346,-0.23434980960310736,-0.5559613105204606,-0.02690060973993698
0.0,0.0,0.0,0.0,0.0,0.0,0.0,0.0,0.0,0.0,1727432104.1075618,-0.23433668777160324,-0.5559444685600453,-0.026920235045638247
0.0,0.0,0.0,0.0,0.0,0.0,0.0,0.0,0.0,0.0,1727432104.11771,-0.2343202540133981,-0.5559550834349015,-0.026826644160482402
0.0,0.0,0.0,0.0,0.0,0.0,0.0,0.0,0.0,0.0,1727432104.12759,-0.23433013923392673,-0.5559452344919665,-0.02692534125729981
0.0,0.0,0.0,0.0,0.0,0.0,0.0,0.0,0.0,0.0,1727432104.1377277,-0.23432698761637397,-0.5559568634672255,-0.02682006673631252
0.0,0.0,0.0,0.0,0.0,0.0,0.0,0.0,0.0,0.0,1727432104.1476462,-0.23434360336650306,-0.5559538015446494,-0.02692550002489877
0.0,0.0,0.0,0.0,0.0,0.0,0.0,0.0,0.0,0.0,1727432104.1577077,-0.23434984377047482,-0.5559461077884051,-0.02682532768070124
0.0,0.0,0.0,0.0,0.0,0.0,0.0,0.0,0.0,0.0,1727432104.1675441,-0.23434459705337696,-0.5559467995492055,-0.026969847244632857
0.0,0.0,0.0,0.0,0.0,0.0,0.0,0.0,0.0,0.0,1727432104.177633,-0.23434623828749562,-0.5559510762776754,-0.02693212978396686
0.0,0.0,0.0,0.0,0.0,0.0,0.0,0.0,0.0,0.0,1727432104.1876318,-0.23433571263516959,-0.555956137814091,-0.027031472229276213
0.0,0.0,0.0,0.0,0.0,0.0,0.0,0.0,0.0,0.0,1727432104.197639,-0.23432966318210993,-0.5559546192487063,-0.02686180322006818
0.0,0.0,0.0,0.0,0.0,0.0,0.0,0.0,0.0,0.0,1727432104.2077312,-0.2343317020938238,-0.5559488490093798,-0.027022050517239483
0.0,0.0,0.0,0.0,0.0,0.0,0.0,0.0,0.0,0.0,1727432104.2176418,-0.23433823009234991,-0.5559546558130904,-0.026832290412553896
0.0,0.0,0.0,0.0,0.0,0.0,0.0,0.0,0.0,0.0,1727432104.2277188,-0.23434379083278245,-0.5559583883799967,-0.02691100927536136
0.0,0.0,0.0,0.0,0.0,0.0,0.0,0.0,0.0,0.0,1727432104.2378237,-0.23434184492508844,-0.5559419958537558,-0.02698549630973236
0.0,0.0,0.0,0.0,0.0,0.0,0.0,0.0,0.0,0.0,1727432104.247548,-0.23434488296745123,-0.5559508910176838,-0.026863435137195208
0.0,0.0,0.0,0.0,0.0,0.0,0.0,0.0,0.0,0.0,1727432104.2577279,-0.2343380469334109,-0.5559537965020933,-0.026858798484444318
0.0,0.0,0.0,0.0,0.0,0.0,0.0,0.0,0.0,0.0,1727432104.2675881,-0.23434309903128908,-0.5559522043868623,-0.02696097149321597
0.0,0.0,0.0,0.0,0.0,0.0,0.0,0.0,0.0,0.0,1727432104.2777145,-0.23433049044412552,-0.555954984311421,-0.02692663896928065
0.0,0.0,0.0,0.0,0.0,0.0,0.0,0.0,0.0,0.0,1727432104.2875667,-0.2343432398579889,-0.5559553063110503,-0.027065320449394414
0.0,0.0,0.0,0.0,0.0,0.0,0.0,0.0,0.0,0.0,1727432104.2976248,-0.23434950564820226,-0.5559600729761274,-0.026949189282613265
0.0,0.0,0.0,0.0,0.0,0.0,0.0,0.0,0.0,0.0,1727432104.3076189,-0.23434909697537437,-0.5559543045172288,-0.026820183982317586
0.0,0.0,0.0,0.0,0.0,0.0,0.0,0.0,0.0,0.0,1727432104.3176153,-0.2343389480937512,-0.5559539950219299,-0.026919159547801767
0.0,0.0,0.0,0.0,0.0,0.0,0.0,0.0,0.0,0.0,1727432104.327415,-0.23434307493276632,-0.5559471387416914,-0.026997944182761524
0.0,0.0,0.0,0.0,0.0,0.0,0.0,0.0,0.0,0.0,1727432104.3375816,-0.23433408398248554,-0.555954813582028,-0.02683762858773652
0.0,0.0,0.0,0.0,0.0,0.0,0.0,0.0,0.0,0.0,1727432104.347547,-0.23433387765366043,-0.5559586567563001,-0.026830217274953504
0.0,0.0,0.0,0.0,0.0,0.0,0.0,0.0,0.0,0.0,1727432104.357568,-0.23433552645977243,-0.555949853550899,-0.02693363687013522
0.0,0.0,0.0,0.0,0.0,0.0,0.0,0.0,0.0,0.0,1727432104.3676002,-0.23433216925354364,-0.555958596808713,-0.02695496841005032
0.0,0.0,0.0,0.0,0.0,0.0,0.0,0.0,0.0,0.0,1727432104.37761,-0.234336879105479,-0.5559561589933726,-0.026840481376656712
0.0,0.0,0.0,0.0,0.0,0.0,0.0,0.0,0.0,0.0,1727432104.3876054,-0.23433908035910375,-0.5559550848132198,-0.026851624074158385
0.0,0.0,0.0,0.0,0.0,0.0,0.0,0.0,0.0,0.0,1727432104.3975925,-0.23434466085235411,-0.5559468786036478,-0.02697292452994811
0.0,0.0,0.0,0.0,0.0,0.0,0.0,0.0,0.0,0.0,1727432104.4075096,-0.2343380600453501,-0.5559666628815183,-0.02688799325098459
0.0,0.0,0.0,0.0,0.0,0.0,0.0,0.0,0.0,0.0,1727432104.4177427,-0.23434973890022975,-0.5559506944641605,-0.02685748699750797
0.0,0.0,0.0,0.0,0.0,0.0,0.0,0.0,0.0,0.0,1727432104.4275963,-0.2343390354614201,-0.5559525158868709,-0.026923629620033546
0.0,0.0,0.0,0.0,0.0,0.0,0.0,0.0,0.0,0.0,1727432104.4376426,-0.2343367957552387,-0.5559601804265669,-0.026943785052325198
0.0,0.0,0.0,0.0,0.0,0.0,0.0,0.0,0.0,0.0,1727432104.447796,-0.23433001409329046,-0.5559644904454839,-0.026846179886742365
0.0,0.0,0.0,0.0,0.0,0.0,0.0,0.0,0.0,0.0,1727432104.4574816,-0.23433363650460928,-0.5559556735232379,-0.026892083071698627
0.0,0.0,0.0,0.0,0.0,0.0,0.0,0.0,0.0,0.0,1727432104.4676166,-0.2343320190678704,-0.5559640315866743,-0.026833125413392868
0.0,0.0,0.0,0.0,0.0,0.0,0.0,0.0,0.0,0.0,1727432104.4777367,-0.23432470102320097,-0.5559602775592278,-0.02687836506446189
0.0,0.0,0.0,0.0,0.0,0.0,0.0,0.0,0.0,0.0,1727432104.487623,-0.23433260808925716,-0.5559590575234588,-0.02683322158366029
0.0,0.0,0.0,0.0,0.0,0.0,0.0,0.0,0.0,0.0,1727432104.4979663,-0.23433053500302076,-0.5559592057439849,-0.02683010703240035
0.0,0.0,0.0,0.0,0.0,0.0,0.0,0.0,0.0,0.0,1727432104.5077932,-0.23432706608161327,-0.5559672081304399,-0.027009529444488468
0.0,0.0,0.0,0.0,0.0,0.0,0.0,0.0,0.0,0.0,1727432104.5177162,-0.2343415375311123,-0.5559601154781223,-0.02695251024649646
0.0,0.0,0.0,0.0,0.0,0.0,0.0,0.0,0.0,0.0,1727432104.5276484,-0.23433229088674715,-0.5559568924065864,-0.02692239969409334
0.0,0.0,0.0,0.0,0.0,0.0,0.0,0.0,0.0,0.0,1727432104.5377595,-0.23433295452934305,-0.5559607255661938,-0.026946677184320696
0.0,0.0,0.0,0.0,0.0,0.0,0.0,0.0,0.0,0.0,1727432104.547687,-0.23432475617303686,-0.5559584825428278,-0.026821759308303536
0.0,0.0,0.0,0.0,0.0,0.0,0.0,0.0,0.0,0.0,1727432104.5575776,-0.23432773132027268,-0.5559585797704469,-0.0268529255356535
0.0,0.0,0.0,0.0,0.0,0.0,0.0,0.0,0.0,0.0,1727432104.5676374,-0.2343224428156594,-0.5559561321630575,-0.02695525340483959
0.0,0.0,0.0,0.0,0.0,0.0,0.0,0.0,0.0,0.0,1727432104.5777593,-0.23433416313070984,-0.5559584949828803,-0.026856424130205878
0.0,0.0,0.0,0.0,0.0,0.0,0.0,0.0,0.0,0.0,1727432104.5876317,-0.23433183887858244,-0.5559599176539437,-0.026882391234062244
0.0,0.0,0.0,0.0,0.0,0.0,0.0,0.0,0.0,0.0,1727432104.59772,-0.23434531856288607,-0.5559571578329842,-0.026887451073827073
0.0,0.0,0.0,0.0,0.0,0.0,0.0,0.0,0.0,0.0,1727432104.607622,-0.2343276209300952,-0.5559675417985543,-0.02698414299146742
0.0,0.0,0.0,0.0,0.0,0.0,0.0,0.0,0.0,0.0,1727432104.617823,-0.2343320345051699,-0.5559602782028469,-0.026809721689591403
0.0,0.0,0.0,0.0,0.0,0.0,0.0,0.0,0.0,0.0,1727432104.627678,-0.2343313676396028,-0.5559673914728201,-0.026843604485478113
0.0,0.0,0.0,0.0,0.0,0.0,0.0,0.0,0.0,0.0,1727432104.6372998,-0.23434527102563624,-0.5559582878725672,-0.026904157039811423
0.0,0.0,0.0,0.0,0.0,0.0,0.0,0.0,0.0,0.0,1727432104.6478376,-0.23433574929003867,-0.5559648941879745,-0.02686463104369519
0.0,0.0,0.0,0.0,0.0,0.0,0.0,0.0,0.0,0.0,1727432104.6577508,-0.23433353515973177,-0.555967990869427,-0.02694654199757631
0.0,0.0,0.0,0.0,0.0,0.0,0.0,0.0,0.0,0.0,1727432104.667675,-0.23432725979816948,-0.5559624107015549,-0.026921388478890314
0.0,0.0,0.0,0.0,0.0,0.0,0.0,0.0,0.0,0.0,1727432104.6779032,-0.23433684201658084,-0.5559573835583345,-0.02704342104394707
0.0,0.0,0.0,0.0,0.0,0.0,0.0,0.0,0.0,0.0,1727432104.6877804,-0.23433138332517273,-0.5559624047298313,-0.026763869456048847
0.0,0.0,0.0,0.0,0.0,0.0,0.0,0.0,0.0,0.0,1727432104.6978045,-0.23433450109604342,-0.5559723508470581,-0.02698931343866407
0.0,0.0,0.0,0.0,0.0,0.0,0.0,0.0,0.0,0.0,1727432104.7078447,-0.23433530317318516,-0.5559653031903403,-0.0270077407736415
0.0,0.0,0.0,0.0,0.0,0.0,0.0,0.0,0.0,0.0,1727432104.717378,-0.23434547557613314,-0.5559579421571248,-0.026869677367342755
0.0,0.0,0.0,0.0,0.0,0.0,0.0,0.0,0.0,0.0,1727432104.7274344,-0.23433918263999468,-0.5559637071339601,-0.026764310062522424
0.0,0.0,0.0,0.0,0.0,0.0,0.0,0.0,0.0,0.0,1727432104.7374187,-0.23433518771834755,-0.5559575363680157,-0.026956686266098085
0.0,0.0,0.0,0.0,0.0,0.0,0.0,0.0,0.0,0.0,1727432104.7474036,-0.2343400555915223,-0.5559523844394457,-0.02677714299821141
0.0,0.0,0.0,0.0,0.0,0.0,0.0,0.0,0.0,0.0,1727432104.7575321,-0.2343339957106183,-0.5559518588082106,-0.026917735898698922
0.0,0.0,0.0,0.0,0.0,0.0,0.0,0.0,0.0,0.0,1727432104.7675362,-0.23434136123655305,-0.5559605714218593,-0.026996018298501113
0.0,0.0,0.0,0.0,0.0,0.0,0.0,0.0,0.0,0.0,1727432104.7777765,-0.2343359273622512,-0.5559605826805734,-0.026903554961472776
0.0,0.0,0.0,0.0,0.0,0.0,0.0,0.0,0.0,0.0,1727432104.787734,-0.234337328723799,-0.5559621455864897,-0.02688396231623198
0.0,0.0,0.0,0.0,0.0,0.0,0.0,0.0,0.0,0.0,1727432104.7980518,-0.23433610587447115,-0.5559596204383099,-0.026875163573958607
0.0,0.0,0.0,0.0,0.0,0.0,0.0,0.0,0.0,0.0,1727432104.8076632,-0.23434083659677382,-0.5559570898203675,-0.026991560176641807
0.0,0.0,0.0,0.0,0.0,0.0,0.0,0.0,0.0,0.0,1727432104.8180575,-0.2343339968629407,-0.5559557277167184,-0.026814052422264038
0.0,0.0,0.0,0.0,0.0,0.0,0.0,0.0,0.0,0.0,1727432104.827537,-0.23434001199004045,-0.5559546545793571,-0.02683230986130548
0.0,0.0,0.0,0.0,0.0,0.0,0.0,0.0,0.0,0.0,1727432104.8375883,-0.2343442414317994,-0.5559555702256582,-0.026886857814778575
0.0,0.0,0.0,0.0,0.0,0.0,0.0,0.0,0.0,0.0,1727432104.847601,-0.23434155177033245,-0.5559550337916774,-0.026818346229298875
0.0,0.0,0.0,0.0,0.0,0.0,0.0,0.0,0.0,0.0,1727432104.8581245,-0.2343540692514315,-0.5559526662406525,-0.026677589135767565
0.0,0.0,0.0,0.0,0.0,0.0,0.0,0.0,0.0,0.0,1727432104.8680456,-0.2343401807769382,-0.5559527659292309,-0.026893940815743717
0.0,0.0,0.0,0.0,0.0,0.0,0.0,0.0,0.0,0.0,1727432104.8773737,-0.23433315359606666,-0.5559522361524679,-0.02679823187071615
0.0,0.0,0.0,0.0,0.0,0.0,0.0,0.0,0.0,0.0,1727432104.887861,-0.23434071782856838,-0.555953342471194,-0.0268837928854854
0.0,0.0,0.0,0.0,0.0,0.0,0.0,0.0,0.0,0.0,1727432104.8973768,-0.23433258881324545,-0.5559540456123518,-0.02682124600755693
0.0,0.0,0.0,0.0,0.0,0.0,0.0,0.0,0.0,0.0,1727432104.9075177,-0.2343399468407782,-0.5559537990089911,-0.026863358590021126
0.0,0.0,0.0,0.0,0.0,0.0,0.0,0.0,0.0,0.0,1727432104.9177032,-0.23434277697879685,-0.555944990603258,-0.026946171350379078
0.0,0.0,0.0,0.0,0.0,0.0,0.0,0.0,0.0,0.0,1727432104.9279065,-0.23434221604380834,-0.5559538828510544,-0.026940062470238606
0.0,0.0,0.0,0.0,0.0,0.0,0.0,0.0,0.0,0.0,1727432104.9374354,-0.23434293341016366,-0.5559558205958155,-0.026785986930053345
0.0,0.0,0.0,0.0,0.0,0.0,0.0,0.0,0.0,0.0,1727432104.9479015,-0.23433097777945586,-0.555952699251913,-0.026869034118663187
0.0,0.0,0.0,0.0,0.0,0.0,0.0,0.0,0.0,0.0,1727432104.957604,-0.23433893746830026,-0.5559585873549542,-0.0268186387477109
0.0,0.0,0.0,0.0,0.0,0.0,0.0,0.0,0.0,0.0,1727432104.967813,-0.23433737291747755,-0.555950722074365,-0.02701235460585543
0.0,0.0,0.0,0.0,0.0,0.0,0.0,0.0,0.0,0.0,1727432104.9779236,-0.2343317808884523,-0.555951315513602,-0.026934517428568335
0.0,0.0,0.0,0.0,0.0,0.0,0.0,0.0,0.0,0.0,1727432104.9872866,-0.2343386528223576,-0.5559511424889279,-0.02685677248524868
0.0,0.0,0.0,0.0,0.0,0.0,0.0,0.0,0.0,0.0,1727432104.9979143,-0.2343345728237382,-0.5559636956233893,-0.02699721499125699
0.0,0.0,0.0,0.0,0.0,0.0,0.0,0.0,0.0,0.0,1727432105.0074413,-0.23434116166550398,-0.5559539880667045,-0.026954725352450297
0.0,0.0,0.0,0.0,0.0,0.0,0.0,0.0,0.0,0.0,1727432105.0178251,-0.23433262354189133,-0.5559501487991175,-0.026967797267933875
0.0,0.0,0.0,0.0,0.0,0.0,0.0,0.0,0.0,0.0,1727432105.0277138,-0.23433590089454784,-0.555951490503474,-0.026976175102061566
0.0,0.0,0.0,0.0,0.0,0.0,0.0,0.0,0.0,0.0,1727432105.0376852,-0.23432808502574912,-0.5559487953299059,-0.026912746198714615
0.0,0.0,0.0,0.0,0.0,0.0,0.0,0.0,0.0,0.0,1727432105.0477402,-0.2343294262864471,-0.5559582842146504,-0.026831657059670985
0.0,0.0,0.0,0.0,0.0,0.0,0.0,0.0,0.0,0.0,1727432105.0577967,-0.23434174224341384,-0.5559560916813658,-0.026970427492765757
0.0,0.0,0.0,0.0,0.0,0.0,0.0,0.0,0.0,0.0,1727432105.0675588,-0.23434423308062716,-0.5559594769107168,-0.02684573858217019
0.0,0.0,0.0,0.0,0.0,0.0,0.0,0.0,0.0,0.0,1727432105.0773923,-0.2343306323788876,-0.5559611461940076,-0.026965636707285034
0.0,0.0,0.0,0.0,0.0,0.0,0.0,0.0,0.0,0.0,1727432105.0877268,-0.23434305542410538,-0.5559516870233588,-0.02695114288545869
0.0,0.0,0.0,0.0,0.0,0.0,0.0,0.0,0.0,0.0,1727432105.098171,-0.2343491349441099,-0.5559593111755371,-0.026840780461465288
0.0,0.0,0.0,0.0,0.0,0.0,0.0,0.0,0.0,0.0,1727432105.107198,-0.2343427358573595,-0.5559528562034002,-0.026836801458115435
0.0,0.0,0.0,0.0,0.0,0.0,0.0,0.0,0.0,0.0,1727432105.1177294,-0.23433057479764396,-0.5559577558797529,-0.026990081630290715
0.0,0.0,0.0,0.0,0.0,0.0,0.0,0.0,0.0,0.0,1727432105.1276999,-0.2343336538118604,-0.555958557036428,-0.026875181519172568
0.0,0.0,0.0,0.0,0.0,0.0,0.0,0.0,0.0,0.0,1727432105.1378338,-0.2343292716082048,-0.5559570047828174,-0.026909047830186522
0.0,0.0,0.0,0.0,0.0,0.0,0.0,0.0,0.0,0.0,1727432105.1478786,-0.23433764373497767,-0.5559653339982576,-0.026888979392531712
0.0,0.0,0.0,0.0,0.0,0.0,0.0,0.0,0.0,0.0,1727432105.157439,-0.23434164554723874,-0.5559480648547185,-0.026917300231277128
0.0,0.0,0.0,0.0,0.0,0.0,0.0,0.0,0.0,0.0,1727432105.167852,-0.23433489706373867,-0.55595873217124,-0.026914727523299414
0.0,0.0,0.0,0.0,0.0,0.0,0.0,0.0,0.0,0.0,1727432105.17753,-0.23433403762139382,-0.5559583981514378,-0.0268812025308669
0.0,0.0,0.0,0.0,0.0,0.0,0.0,0.0,0.0,0.0,1727432105.1874614,-0.23432969017267635,-0.5559514483833844,-0.026915552371976712
0.0,0.0,0.0,0.0,0.0,0.0,0.0,0.0,0.0,0.0,1727432105.1979632,-0.23433375984525084,-0.5559597123534006,-0.026960570370242732
0.0,0.0,0.0,0.0,0.0,0.0,0.0,0.0,0.0,0.0,1727432105.2075396,-0.23433496157848385,-0.5559608534473633,-0.02691316499364706
0.0,0.0,0.0,0.0,0.0,0.0,0.0,0.0,0.0,0.0,1727432105.2178993,-0.23434380500191443,-0.5559633017422472,-0.026878203457584907
0.0,0.0,0.0,0.0,0.0,0.0,0.0,0.0,0.0,0.0,1727432105.2273176,-0.23433620256582063,-0.5559556505342429,-0.027014284396383762
0.0,0.0,0.0,0.0,0.0,0.0,0.0,0.0,0.0,0.0,1727432105.2379496,-0.2343385922442218,-0.5559591009682869,-0.026920194331740446
0.0,0.0,0.0,0.0,0.0,0.0,0.0,0.0,0.0,0.0,1727432105.2477722,-0.23434538372635402,-0.5559617159578414,-0.02687926659859559
0.0,0.0,0.0,0.0,0.0,0.0,0.0,0.0,0.0,0.0,1727432105.2573724,-0.23434586490000442,-0.5559529922279012,-0.026886504201118367
0.0,0.0,0.0,0.0,0.0,0.0,0.0,0.0,0.0,0.0,1727432105.267393,-0.23434527473407818,-0.5559666140581526,-0.026790983121816197
0.0,0.0,0.0,0.0,0.0,0.0,0.0,0.0,0.0,0.0,1727432105.2780333,-0.2343350402404106,-0.5559595327932695,-0.026832638672692456
0.0,0.0,0.0,0.0,0.0,0.0,0.0,0.0,0.0,0.0,1727432105.28754,-0.2343391337813132,-0.5559603423125454,-0.026982007049584502
0.0,0.0,0.0,0.0,0.0,0.0,0.0,0.0,0.0,0.0,1727432105.2973208,-0.23433653410979666,-0.5559548591299419,-0.026888162440538446
0.0,0.0,0.0,0.0,0.0,0.0,0.0,0.0,0.0,0.0,1727432105.3076215,-0.23433851468000907,-0.5559607097495166,-0.026965970644938664
0.0,0.0,0.0,0.0,0.0,0.0,0.0,0.0,0.0,0.0,1727432105.317326,-0.23433302621318616,-0.5559623429442939,-0.02692938275937808
0.0,0.0,0.0,0.0,0.0,0.0,0.0,0.0,0.0,0.0,1727432105.3272252,-0.2343374323057814,-0.5559550345473029,-0.026911850381433487
0.0,0.0,0.0,0.0,0.0,0.0,0.0,0.0,0.0,0.0,1727432105.3372924,-0.2343422375664294,-0.5559614808508484,-0.026975803743663304
0.0,0.0,0.0,0.0,0.0,0.0,0.0,0.0,0.0,0.0,1727432105.3474529,-0.2343419559738652,-0.5559507076005623,-0.026919723102250593
0.0,0.0,0.0,0.0,0.0,0.0,0.0,0.0,0.0,0.0,1727432105.357527,-0.23433550042935827,-0.5559523102982193,-0.026813917597799813
0.0,0.0,0.0,0.0,0.0,0.0,0.0,0.0,0.0,0.0,1727432105.3673317,-0.23433380564607376,-0.5559646651460171,-0.02687794734966881
0.0,0.0,0.0,0.0,0.0,0.0,0.0,0.0,0.0,0.0,1727432105.3774428,-0.23434160179085953,-0.5559504885179828,-0.026973620844129718
0.0,0.0,0.0,0.0,0.0,0.0,0.0,0.0,0.0,0.0,1727432105.3874369,-0.23433314135253033,-0.5559537221174471,-0.02690202527441724
0.0,0.0,0.0,0.0,0.0,0.0,0.0,0.0,0.0,0.0,1727432105.3980734,-0.2343405087113458,-0.5559623826778657,-0.02690227321041724
0.0,0.0,0.0,0.0,0.0,0.0,0.0,0.0,0.0,0.0,1727432105.4073656,-0.2343425179329311,-0.5559434092243429,-0.026932588240571056
0.0,0.0,0.0,0.0,0.0,0.0,0.0,0.0,0.0,0.0,1727432105.4174464,-0.23433813357792957,-0.5559551143672876,-0.026941987066394422
0.0,0.0,0.0,0.0,0.0,0.0,0.0,0.0,0.0,0.0,1727432105.4277282,-0.23434073992740728,-0.5559515377231781,-0.02681996168564408
0.0,0.0,0.0,0.0,0.0,0.0,0.0,0.0,0.0,0.0,1727432105.4371564,-0.23433554098741866,-0.5559584160639511,-0.026942711604463602
0.0,0.0,0.0,0.0,0.0,0.0,0.0,0.0,0.0,0.0,1727432105.4479303,-0.2343355111109395,-0.5559471060962377,-0.026877107814092773
0.0,0.0,0.0,0.0,0.0,0.0,0.0,0.0,0.0,0.0,1727432105.4579403,-0.23434380103289737,-0.5559508491197482,-0.026893807813885857
0.0,0.0,0.0,0.0,0.0,0.0,0.0,0.0,0.0,0.0,1727432105.4676166,-0.23435002463900165,-0.5559478713185502,-0.02686927951333936
0.0,0.0,0.0,0.0,0.0,0.0,0.0,0.0,0.0,0.0,1727432105.4774766,-0.23433548741765928,-0.555952954010037,-0.02688714424644804
0.0,0.0,0.0,0.0,0.0,0.0,0.0,0.0,0.0,0.0,1727432105.4874353,-0.23433581005489046,-0.5559467383041014,-0.026850445717794044
0.0,0.0,0.0,0.0,0.0,0.0,0.0,0.0,0.0,0.0,1727432105.4980593,-0.23434647443983259,-0.5559454580656304,-0.02690686458610138
0.0,0.0,0.0,0.0,0.0,0.0,0.0,0.0,0.0,0.0,1727432105.5074177,-0.23433778490254467,-0.5559532620523832,-0.02688307546826431
0.0,0.0,0.0,0.0,0.0,0.0,0.0,0.0,0.0,0.0,1727432105.5178025,-0.2343307952487017,-0.5559599233786503,-0.02685691629662133
0.0,0.0,0.0,0.0,0.0,0.0,0.0,0.0,0.0,0.0,1727432105.5275624,-0.23434668277569126,-0.5559601066350294,-0.026997575831088406
0.0,0.0,0.0,0.0,0.0,0.0,0.0,0.0,0.0,0.0,1727432105.53778,-0.2343335595305957,-0.5559602788799667,-0.026894955822824577
0.0,0.0,0.0,0.0,0.0,0.0,0.0,0.0,0.0,0.0,1727432105.5477889,-0.2343404201665126,-0.5559550608298242,-0.02675899635121608
0.0,0.0,0.0,0.0,0.0,0.0,0.0,0.0,0.0,0.0,1727432105.5576704,-0.2343414919308309,-0.55594791196448,-0.02682935498603636
0.0,0.0,0.0,0.0,0.0,0.0,0.0,0.0,0.0,0.0,1727432105.56769,-0.23434982777931843,-0.5559485386250507,-0.026991169892480297
0.0,0.0,0.0,0.0,0.0,0.0,0.0,0.0,0.0,0.0,1727432105.5783298,-0.23434058520394369,-0.5559531869749714,-0.026836426940231587
0.0,0.0,0.0,0.0,0.0,0.0,0.0,0.0,0.0,0.0,1727432105.587801,-0.23434723453531456,-0.5559576145754296,-0.026827666898220966
0.0,0.0,0.0,0.0,0.0,0.0,0.0,0.0,0.0,0.0,1727432105.597921,-0.23433775049705302,-0.5559556565168038,-0.026981412138790285
0.0,0.0,0.0,0.0,0.0,0.0,0.0,0.0,0.0,0.0,1727432105.6075869,-0.23433690173300262,-0.5559526882091045,-0.026902487533568054
0.0,0.0,0.0,0.0,0.0,0.0,0.0,0.0,0.0,0.0,1727432105.617417,-0.23434361809514206,-0.5559546177346975,-0.02691765459771366
0.0,0.0,0.0,0.0,0.0,0.0,0.0,0.0,0.0,0.0,1727432105.6278017,-0.2343409729276925,-0.5559493824446329,-0.02687735407877581
0.0,0.0,0.0,0.0,0.0,0.0,0.0,0.0,0.0,0.0,1727432105.6374893,-0.23434117222035494,-0.5559562920347054,-0.026822621162958676
0.0,0.0,0.0,0.0,0.0,0.0,0.0,0.0,0.0,0.0,1727432105.6474512,-0.23434322716593048,-0.5559445005008032,-0.026836634087612384
0.0,0.0,0.0,0.0,0.0,0.0,0.0,0.0,0.0,0.0,1727432105.6573963,-0.23433754912248125,-0.5559507710086172,-0.026895340983498654
0.0,0.0,0.0,0.0,0.0,0.0,0.0,0.0,0.0,0.0,1727432105.667299,-0.23433107060043165,-0.5559538303180849,-0.02685399559976544
0.0,0.0,0.0,0.0,0.0,0.0,0.0,0.0,0.0,0.0,1727432105.6776853,-0.23433412947365262,-0.555961501473394,-0.026854429405747286
0.0,0.0,0.0,0.0,0.0,0.0,0.0,0.0,0.0,0.0,1727432105.6874473,-0.23434564610504194,-0.555963321217879,-0.026864289714531232
0.0,0.0,0.0,0.0,0.0,0.0,0.0,0.0,0.0,0.0,1727432105.697605,-0.23433585140513072,-0.5559630928814374,-0.026926263067248848
0.0,0.0,0.0,0.0,0.0,0.0,0.0,0.0,0.0,0.0,1727432105.7075858,-0.23433612924146355,-0.5559518072643966,-0.026878358201405328
0.0,0.0,0.0,0.0,0.0,0.0,0.0,0.0,0.0,0.0,1727432105.7175112,-0.23434012980522687,-0.5559503175688333,-0.02684959882064516
0.0,0.0,0.0,0.0,0.0,0.0,0.0,0.0,0.0,0.0,1727432105.7276978,-0.23433513232692685,-0.5559594800813548,-0.0269199339784627
0.0,0.0,0.0,0.0,0.0,0.0,0.0,0.0,0.0,0.0,1727432105.7379196,-0.2343327312882931,-0.5559537143061241,-0.026876924731343378
0.0,0.0,0.0,0.0,0.0,0.0,0.0,0.0,0.0,0.0,1727432105.7476315,-0.2343192172166987,-0.5559588138806382,-0.02684080522947128
0.0,0.0,0.0,0.0,0.0,0.0,0.0,0.0,0.0,0.0,1727432105.7581134,-0.234329128491501,-0.5559587308692858,-0.026772086911453306
0.0,0.0,0.0,0.0,0.0,0.0,0.0,0.0,0.0,0.0,1727432105.7677372,-0.2343400867795909,-0.5559544681607047,-0.026858246985563605
0.0,0.0,0.0,0.0,0.0,0.0,0.0,0.0,0.0,0.0,1727432105.7777338,-0.23432609022972076,-0.5559582933291938,-0.026833973060831507
0.0,0.0,0.0,0.0,0.0,0.0,0.0,0.0,0.0,0.0,1727432105.7877607,-0.23433652276803374,-0.5559630789598756,-0.02696531641994996
0.0,0.0,0.0,0.0,0.0,0.0,0.0,0.0,0.0,0.0,1727432105.797529,-0.23433807714628319,-0.5559540376722114,-0.02680506172531279
0.0,0.0,0.0,0.0,0.0,0.0,0.0,0.0,0.0,0.0,1727432105.807511,-0.23434285631267396,-0.5559584363346087,-0.026813329610359052
0.0,0.0,0.0,0.0,0.0,0.0,0.0,0.0,0.0,0.0,1727432105.8183982,-0.23433327102887253,-0.5559504652686724,-0.026939309455630278
0.0,0.0,0.0,0.0,0.0,0.0,0.0,0.0,0.0,0.0,1727432105.8276343,-0.23433698897262817,-0.5559606643106775,-0.026803008316127697
0.0,0.0,0.0,0.0,0.0,0.0,0.0,0.0,0.0,0.0,1727432105.8378904,-0.23433214107686987,-0.5559612550196532,-0.02676391616609213
0.0,0.0,0.0,0.0,0.0,0.0,0.0,0.0,0.0,0.0,1727432105.847722,-0.23432350254923207,-0.5559550838796605,-0.02673168586128259
0.0,0.0,0.0,0.0,0.0,0.0,0.0,0.0,0.0,0.0,1727432105.8579156,-0.23433037275271698,-0.5559546064297223,-0.026931761601286415
0.0,0.0,0.0,0.0,0.0,0.0,0.0,0.0,0.0,0.0,1727432105.8679402,-0.23432488356418354,-0.5559560303046324,-0.026922166579846994
0.0,0.0,0.0,0.0,0.0,0.0,0.0,0.0,0.0,0.0,1727432105.8780875,-0.23433628674061613,-0.555952504311448,-0.02706750661070501
0.0,0.0,0.0,0.0,0.0,0.0,0.0,0.0,0.0,0.0,1727432105.887447,-0.23434257413314857,-0.5559537756178156,-0.026897437467619772
0.0,0.0,0.0,0.0,0.0,0.0,0.0,0.0,0.0,0.0,1727432105.898351,-0.23433734895714672,-0.5559572735073758,-0.026816989239417815
0.0,0.0,0.0,0.0,0.0,0.0,0.0,0.0,0.0,0.0,1727432105.9075801,-0.23433036499043877,-0.5559566149521173,-0.026777579420737455
0.0,0.0,0.0,0.0,0.0,0.0,0.0,0.0,0.0,0.0,1727432105.9178948,-0.23433109106591815,-0.5559625032852293,-0.026788832680181875
0.0,0.0,0.0,0.0,0.0,0.0,0.0,0.0,0.0,0.0,1727432105.927693,-0.2343435233366627,-0.5559551645663738,-0.02696813985248848
0.0,0.0,0.0,0.0,0.0,0.0,0.0,0.0,0.0,0.0,1727432105.9379485,-0.23433229516472412,-0.5559552452680602,-0.026953567115085206
0.0,0.0,0.0,0.0,0.0,0.0,0.0,0.0,0.0,0.0,1727432105.9480083,-0.2343463969239109,-0.5559503571297959,-0.026896210512917847
0.0,0.0,0.0,0.0,0.0,0.0,0.0,0.0,0.0,0.0,1727432105.957373,-0.2343541579241386,-0.5559489667649993,-0.026815234605445326
0.0,0.0,0.0,0.0,0.0,0.0,0.0,0.0,0.0,0.0,1727432105.9674213,-0.2343420884416885,-0.5559472399454863,-0.027006497935152935
0.0,0.0,0.0,0.0,0.0,0.0,0.0,0.0,0.0,0.0,1727432105.9777365,-0.23433942399643556,-0.5559478206305357,-0.026976371005959093
0.0,0.0,0.0,0.0,0.0,0.0,0.0,0.0,0.0,0.0,1727432105.988001,-0.2343395967993208,-0.5559537894306757,-0.02687749145726878
0.0,0.0,0.0,0.0,0.0,0.0,0.0,0.0,0.0,0.0,1727432105.997196,-0.2343373971555358,-0.5559584707153495,-0.026953837101658187
0.0,0.0,0.0,0.0,0.0,0.0,0.0,0.0,0.0,0.0,1727432106.0076418,-0.23433907914765043,-0.5559562640328719,-0.026959035527508345
0.0,0.0,0.0,0.0,0.0,0.0,0.0,0.0,0.0,0.0,1727432106.0175436,-0.23434424509392895,-0.5559515704559219,-0.026876388095790033
0.0,0.0,0.0,0.0,0.0,0.0,0.0,0.0,0.0,0.0,1727432106.0276847,-0.23434890987784346,-0.5559473669073766,-0.026879705334755654
0.0,0.0,0.0,0.0,0.0,0.0,0.0,0.0,0.0,0.0,1727432106.0379703,-0.23434700232154712,-0.5559457862924414,-0.026926762182930105
0.0,0.0,0.0,0.0,0.0,0.0,0.0,0.0,0.0,0.0,1727432106.0482051,-0.23434414810481585,-0.5559463374370108,-0.02676865290863267
0.0,0.0,0.0,0.0,0.0,0.0,0.0,0.0,0.0,0.0,1727432106.0575151,-0.23433954457728973,-0.5559516582175913,-0.026791802959721486
0.0,0.0,0.0,0.0,0.0,0.0,0.0,0.0,0.0,0.0,1727432106.0678632,-0.23433601084044087,-0.5559401640209818,-0.02698947380710063
0.0,0.0,0.0,0.0,0.0,0.0,0.0,0.0,0.0,0.0,1727432106.0778263,-0.23434358247982764,-0.555942909860098,-0.026779777443819864
0.0,0.0,0.0,0.0,0.0,0.0,0.0,0.0,0.0,0.0,1727432106.0877879,-0.23434557205777323,-0.5559346525804274,-0.0269537722264145
0.0,0.0,0.0,0.0,0.0,0.0,0.0,0.0,0.0,0.0,1727432106.0981205,-0.23435284625455,-0.5559419289623778,-0.026951191020726472
0.0,0.0,0.0,0.0,0.0,0.0,0.0,0.0,0.0,0.0,1727432106.1076264,-0.23434657907284545,-0.5559422097707734,-0.026807306376468956
0.0,0.0,0.0,0.0,0.0,0.0,0.0,0.0,0.0,0.0,1727432106.1176715,-0.2343333163078324,-0.5559414531980231,-0.02688523782481691
0.0,0.0,0.0,0.0,0.0,0.0,0.0,0.0,0.0,0.0,1727432106.127835,-0.23432999813879937,-0.5559482106979199,-0.026878714005433787
0.0,0.0,0.0,0.0,0.0,0.0,0.0,0.0,0.0,0.0,1727432106.1381793,-0.23432694582536012,-0.5559380907212443,-0.0268425170792531
0.0,0.0,0.0,0.0,0.0,0.0,0.0,0.0,0.0,0.0,1727432106.1478207,-0.23433833039454868,-0.5559451455900092,-0.026884205101531285
0.0,0.0,0.0,0.0,0.0,0.0,0.0,0.0,0.0,0.0,1727432106.1576383,-0.23434506893854923,-0.5559477668810312,-0.02692958489285168
0.0,0.0,0.0,0.0,0.0,0.0,0.0,0.0,0.0,0.0,1727432106.1678443,-0.23434687077050104,-0.5559486358490492,-0.02681851755850625
0.0,0.0,0.0,0.0,0.0,0.0,0.0,0.0,0.0,0.0,1727432106.177774,-0.2343481223689964,-0.5559468450421792,-0.02688258250651779
0.0,0.0,0.0,0.0,0.0,0.0,0.0,0.0,0.0,0.0,1727432106.1876435,-0.23434533807254374,-0.555945481708028,-0.02693407068571285
0.0,0.0,0.0,0.0,0.0,0.0,0.0,0.0,0.0,0.0,1727432106.1977766,-0.23432932528143258,-0.555953791797806,-0.026804881584533008
0.0,0.0,0.0,0.0,0.0,0.0,0.0,0.0,0.0,0.0,1727432106.2079742,-0.23433247561187032,-0.5559480507269516,-0.02699570277597236
0.0,0.0,0.0,0.0,0.0,0.0,0.0,0.0,0.0,0.0,1727432106.217802,-0.2343347201852437,-0.555953410752133,-0.026776869838203838
0.0,0.0,0.0,0.0,0.0,0.0,0.0,0.0,0.0,0.0,1727432106.2277296,-0.2343459044058078,-0.5559451779379923,-0.027032067079428693
0.0,0.0,0.0,0.0,0.0,0.0,0.0,0.0,0.0,0.0,1727432106.2378182,-0.23434741775084988,-0.5559381717301544,-0.02689001270276149
0.0,0.0,0.0,0.0,0.0,0.0,0.0,0.0,0.0,0.0,1727432106.2478354,-0.23434894828640027,-0.555937715283878,-0.02687033449547858
0.0,0.0,0.0,0.0,0.0,0.0,0.0,0.0,0.0,0.0,1727432106.2578597,-0.23433983085227278,-0.5559449073859013,-0.026855770876133465
0.0,0.0,0.0,0.0,0.0,0.0,0.0,0.0,0.0,0.0,1727432106.267589,-0.23433029687926443,-0.5559513106601583,-0.026867734131223297
0.0,0.0,0.0,0.0,0.0,0.0,0.0,0.0,0.0,0.0,1727432106.2774003,-0.23433169850455204,-0.5559519102869136,-0.026810322438216336
0.0,0.0,0.0,0.0,0.0,0.0,0.0,0.0,0.0,0.0,1727432106.2877054,-0.23433184043643795,-0.5559571786630394,-0.026842049681826404
0.0,0.0,0.0,0.0,0.0,0.0,0.0,0.0,0.0,0.0,1727432106.2979946,-0.23433647122907414,-0.555955828953458,-0.026874707949464175
0.0,0.0,0.0,0.0,0.0,0.0,0.0,0.0,0.0,0.0,1727432106.3079882,-0.234345438968343,-0.5559498047547307,-0.026964859338725663
0.0,0.0,0.0,0.0,0.0,0.0,0.0,0.0,0.0,0.0,1727432106.3177273,-0.23434311508101552,-0.5559490239573559,-0.026870786539561018
0.0,0.0,0.0,0.0,0.0,0.0,0.0,0.0,0.0,0.0,1727432106.3273866,-0.23433505129822732,-0.555950809471694,-0.02700498864386845
0.0,0.0,0.0,0.0,0.0,0.0,0.0,0.0,0.0,0.0,1727432106.337844,-0.23433662156957194,-0.5559460374974222,-0.026849813657277368
0.0,0.0,0.0,0.0,0.0,0.0,0.0,0.0,0.0,0.0,1727432106.3479886,-0.2343221039271278,-0.5559531564858428,-0.02697536535197448
0.0,0.0,0.0,0.0,0.0,0.0,0.0,0.0,0.0,0.0,1727432106.3574138,-0.23433102829247227,-0.5559598705897745,-0.02682309509245661
0.0,0.0,0.0,0.0,0.0,0.0,0.0,0.0,0.0,0.0,1727432106.367979,-0.23432957525784925,-0.5559563112956388,-0.026798075248076394
0.0,0.0,0.0,0.0,0.0,0.0,0.0,0.0,0.0,0.0,1727432106.3775368,-0.23433689809169894,-0.5559533262730738,-0.02694260594877672
0.0,0.0,0.0,0.0,0.0,0.0,0.0,0.0,0.0,0.0,1727432106.3876903,-0.23433298898137697,-0.5559488838510723,-0.026918445597144815
0.0,0.0,0.0,0.0,0.0,0.0,0.0,0.0,0.0,0.0,1727432106.3977418,-0.23433543495764242,-0.5559487247792088,-0.0269412023852611
0.0,0.0,0.0,0.0,0.0,0.0,0.0,0.0,0.0,0.0,1727432106.4075596,-0.23433877823021612,-0.5559491715798971,-0.026856952716624433
0.0,0.0,0.0,0.0,0.0,0.0,0.0,0.0,0.0,0.0,1727432106.4178581,-0.2343520058775319,-0.5559590607621303,-0.02691562962591667
0.0,0.0,0.0,0.0,0.0,0.0,0.0,0.0,0.0,0.0,1727432106.4277184,-0.23433599642687797,-0.5559592553340674,-0.02697842400553841
0.0,0.0,0.0,0.0,0.0,0.0,0.0,0.0,0.0,0.0,1727432106.4378657,-0.23433663516244266,-0.5559614759839236,-0.026844864792468993
0.0,0.0,0.0,0.0,0.0,0.0,0.0,0.0,0.0,0.0,1727432106.4474313,-0.23433622687430722,-0.5559633542829765,-0.02683174812950771
0.0,0.0,0.0,0.0,0.0,0.0,0.0,0.0,0.0,0.0,1727432106.457437,-0.23433426273851388,-0.5559628833974324,-0.026926460652950904
0.0,0.0,0.0,0.0,0.0,0.0,0.0,0.0,0.0,0.0,1727432106.4679427,-0.23433951134575337,-0.5559581373579271,-0.026876293907025662
0.0,0.0,0.0,0.0,0.0,0.0,0.0,0.0,0.0,0.0,1727432106.4771965,-0.23433272323515913,-0.5559596409511882,-0.02686531714030032
0.0,0.0,0.0,0.0,0.0,0.0,0.0,0.0,0.0,0.0,1727432106.4878569,-0.23434478469456255,-0.5559620587547333,-0.02695561320157683
0.0,0.0,0.0,0.0,0.0,0.0,0.0,0.0,0.0,0.0,1727432106.497277,-0.23433893296454988,-0.5559559383751478,-0.026929316546147598
0.0,0.0,0.0,0.0,0.0,0.0,0.0,0.0,0.0,0.0,1727432106.5074344,-0.23433406734987564,-0.5559650171286032,-0.027030503071538887
0.0,0.0,0.0,0.0,0.0,0.0,0.0,0.0,0.0,0.0,1727432106.517639,-0.23433711700756038,-0.555960741556319,-0.026857547183330596
0.0,0.0,0.0,0.0,0.0,0.0,0.0,0.0,0.0,0.0,1727432106.5276384,-0.23433122188644853,-0.555958792334966,-0.026856440249883103
0.0,0.0,0.0,0.0,0.0,0.0,0.0,0.0,0.0,0.0,1727432106.5375576,-0.23432367198304552,-0.5559579976327267,-0.026996249517921386
0.0,0.0,0.0,0.0,0.0,0.0,0.0,0.0,0.0,0.0,1727432106.5475283,-0.23434221243050285,-0.5559591780854993,-0.02693431590243244
0.0,0.0,0.0,0.0,0.0,0.0,0.0,0.0,0.0,0.0,1727432106.5576994,-0.23433523156572056,-0.5559541375031066,-0.026902396688144148
0.0,0.0,0.0,0.0,0.0,0.0,0.0,0.0,0.0,0.0,1727432106.5675576,-0.234347566226833,-0.5559534707170622,-0.02682805576803129
0.0,0.0,0.0,0.0,0.0,0.0,0.0,0.0,0.0,0.0,1727432106.5776439,-0.2343397134741448,-0.5559597603853017,-0.02679408087038807
0.0,0.0,0.0,0.0,0.0,0.0,0.0,0.0,0.0,0.0,1727432106.5875943,-0.23433605718747672,-0.5559491173273085,-0.0269684415951418
0.0,0.0,0.0,0.0,0.0,0.0,0.0,0.0,0.0,0.0,1727432106.5975804,-0.2343314178534686,-0.555955521586327,-0.0269133914268235
0.0,0.0,0.0,0.0,0.0,0.0,0.0,0.0,0.0,0.0,1727432106.6078959,-0.23433691822285038,-0.5559574816296906,-0.026917168426030563
0.0,0.0,0.0,0.0,0.0,0.0,0.0,0.0,0.0,0.0,1727432106.6175878,-0.23434183129533212,-0.5559523468808828,-0.026930894084261962
0.0,0.0,0.0,0.0,0.0,0.0,0.0,0.0,0.0,0.0,1727432106.627754,-0.2343501889802356,-0.5559549403232281,-0.02680528968053915
0.0,0.0,0.0,0.0,0.0,0.0,0.0,0.0,0.0,0.0,1727432106.637612,-0.2343400136027965,-0.5559508782739119,-0.026910557185686235
0.0,0.0,0.0,0.0,0.0,0.0,0.0,0.0,0.0,0.0,1727432106.6475928,-0.2343276508248402,-0.5559551567369683,-0.02690632800979779
0.0,0.0,0.0,0.0,0.0,0.0,0.0,0.0,0.0,0.0,1727432106.6576865,-0.23433535410281217,-0.5559466756712493,-0.026836499439877957
0.0,0.0,0.0,0.0,0.0,0.0,0.0,0.0,0.0,0.0,1727432106.6677377,-0.23433423699316844,-0.555945073591785,-0.026934391471645086
0.0,0.0,0.0,0.0,0.0,0.0,0.0,0.0,0.0,0.0,1727432106.6775925,-0.2343415851165177,-0.555948562804053,-0.02684573261212962
0.0,0.0,0.0,0.0,0.0,0.0,0.0,0.0,0.0,0.0,1727432106.6875966,-0.23435065695289867,-0.5559421670845396,-0.027100434068791344
0.0,0.0,0.0,0.0,0.0,0.0,0.0,0.0,0.0,0.0,1727432106.6977072,-0.23433941668567826,-0.5559436569752886,-0.02703803020003002
0.0,0.0,0.0,0.0,0.0,0.0,0.0,0.0,0.0,0.0,1727432106.7075639,-0.23434306983539924,-0.5559473242390075,-0.026837140173711426
0.0,0.0,0.0,0.0,0.0,0.0,0.0,0.0,0.0,0.0,1727432106.7176979,-0.23433527659591522,-0.5559489621504838,-0.02688664213135512
0.0,0.0,0.0,0.0,0.0,0.0,0.0,0.0,0.0,0.0,1727432106.7276027,-0.2343351541995615,-0.5559472729888064,-0.026977665171502522
0.0,0.0,0.0,0.0,0.0,0.0,0.0,0.0,0.0,0.0,1727432106.7376869,-0.23433965552038272,-0.5559477224997676,-0.026916180471576977
0.0,0.0,0.0,0.0,0.0,0.0,0.0,0.0,0.0,0.0,1727432106.7475781,-0.23433369632214016,-0.5559464563722794,-0.026830863605875385
0.0,0.0,0.0,0.0,0.0,0.0,0.0,0.0,0.0,0.0,1727432106.7575333,-0.23433406024406594,-0.555947617986375,-0.026989652625186204
0.0,0.0,0.0,0.0,0.0,0.0,0.0,0.0,0.0,0.0,1727432106.7676346,-0.23434626193083444,-0.5559438140160965,-0.026840140505719094
0.0,0.0,0.0,0.0,0.0,0.0,0.0,0.0,0.0,0.0,1727432106.7777965,-0.23434791754584622,-0.5559443780030509,-0.02701203627475964
0.0,0.0,0.0,0.0,0.0,0.0,0.0,0.0,0.0,0.0,1727432106.787745,-0.23434686329962948,-0.5559361033388918,-0.026976948715750654
0.0,0.0,0.0,0.0,0.0,0.0,0.0,0.0,0.0,0.0,1727432106.7977793,-0.23433818929562636,-0.5559545269711577,-0.0268593197921275
0.0,0.0,0.0,0.0,0.0,0.0,0.0,0.0,0.0,0.0,1727432106.8075325,-0.23433805956690731,-0.5559515939859724,-0.02690350723632802
0.0,0.0,0.0,0.0,0.0,0.0,0.0,0.0,0.0,0.0,1727432106.818197,-0.23433396627075734,-0.5559463392710704,-0.02690201097479019
0.0,0.0,0.0,0.0,0.0,0.0,0.0,0.0,0.0,0.0,1727432106.827793,-0.23432253341003856,-0.5559590182819784,-0.026917492933997884
0.0,0.0,0.0,0.0,0.0,0.0,0.0,0.0,0.0,0.0,1727432106.8373277,-0.23434609223818498,-0.5559522390305017,-0.02690978639362579
0.0,0.0,0.0,0.0,0.0,0.0,0.0,0.0,0.0,0.0,1727432106.8478723,-0.23434183923697485,-0.5559548487249658,-0.026958668274973067
0.0,0.0,0.0,0.0,0.0,0.0,0.0,0.0,0.0,0.0,1727432106.8573287,-0.2343442910462389,-0.5559406767688675,-0.0270539716849242
0.0,0.0,0.0,0.0,0.0,0.0,0.0,0.0,0.0,0.0,1727432106.8676775,-0.23434882542034244,-0.5559465043633325,-0.02689436317641495
0.0,0.0,0.0,0.0,0.0,0.0,0.0,0.0,0.0,0.0,1727432106.877737,-0.2343356148603004,-0.555950184240463,-0.02680608184225374
0.0,0.0,0.0,0.0,0.0,0.0,0.0,0.0,0.0,0.0,1727432106.8875504,-0.2343279580896057,-0.5559615397351689,-0.026896193348188425
0.0,0.0,0.0,0.0,0.0,0.0,0.0,0.0,0.0,0.0,1727432106.898068,-0.23432194517386848,-0.5559537234632365,-0.02681794688423098
